101,102,103,104,105,106,107,108
0.07047019638719859,0.035796949092022516,0.057994148697661625,0.047892707874622964,0.09750191271705705,0.07786484893465817,0.06657572704193006,0.06975752733911328
0.07047019638719859,0.035796949092022516,0.057994148697661625,0.047892707874622964,0.09374020939843782,0.07786484893465817,0.06657572704193006,0.06975752733911328
0.07047019638719859,0.03182100001071999,0.05892599088576589,0.04930017442366787,0.10989124200229353,0.07786484893465817,0.06657572704193006,0.07668790859224815
0.06346472339024259,0.03150089507658073,0.05919014662344172,0.04648361872227477,0.11739951048174202,0.06715423185188846,0.07151894777772576,0.08260790523657276
0.06189381687206921,0.03945279323918577,0.05919014662344172,0.04648361872227477,0.11739951048174202,0.06647854268765616,0.07151894777772576,0.08260790523657276
0.06189381687206921,0.04046846731793061,0.06265662261172399,0.04648361872227477,0.11739951048174202,0.06717954577763559,0.07151894777772576,0.08370918555360887
0.0613766501788138,0.04046846731793061,0.0551661165942591,0.04648361872227477,0.11739951048174202,0.06717954577763559,0.07151894777772576,0.0838435695624724
0.0613766501788138,0.03750819231537295,0.060481037594392675,0.04648361872227477,0.11739951048174202,0.06740209413997696,0.07151894777772576,0.0849448498795085
0.05638571029721162,0.02959481103610364,0.06969144054120553,0.04459936727714419,0.12480369150226871,0.08121204530466854,0.07151894777772576,0.08991425375540664
0.061820276775994255,0.03430184264114168,0.06973712580892069,0.0488303771006782,0.1305108065922627,0.09076851849556787,0.07151894777772576,0.08991425375540664
0.060249370257820886,0.03827779172244419,0.06695683860896512,0.04742291055163329,0.11435977398840698,0.09057128405897362,0.07151894777772576,0.08298387250227177
0.060249370257820886,0.03430184264114168,0.06417655140900955,0.04368262018326913,0.10200943219679498,0.08988737272503021,0.027442319694640727,0.04128132565552296
0.049380237300255626,0.0324287000040744,0.06377533986818823,0.03662806708524602,0.09997530336008527,0.07077442634323156,0.027442319694640727,0.04128132565552296
0.049380237300255626,0.029468425001516724,0.06909026086832179,0.06752093915511957,0.10905976168618639,0.07099697470557291,0.024794452748103667,0.036193841310507444
0.049380237300255626,0.029468425001516724,0.09237633377269104,0.07448287211717249,0.13171592413915084,0.09143002521435314,0.024794452748103667,0.036193841310507444
0.049380237300255626,0.029468425001516724,0.09237633377269104,0.07518660539169494,0.13640597481078995,0.09143002521435314,0.024794452748103667,0.036193841310507444
0.049380237300255626,0.029468425001516724,0.09237633377269104,0.07448287211717249,0.13171592413915084,0.09095157048671508,0.024794452748103667,0.036059457301643914
0.049380237300255626,0.029468425001516724,0.10313891973333507,0.08284767833520444,0.13171592413915084,0.09095157048671508,0.05729065182210378,0.04089447716867853
0.03575620288674426,0.028775859361116953,0.1030728985728379,0.0712273927498048,0.13171592413915084,0.09026765915277168,0.04104255228510373,0.04089447716867853
0.031517777760938386,0.028775859361116953,0.09526579466457086,0.0692289143423667,0.13001885820861814,0.08736555950744405,0.04060662605642064,0.04828281984956738
0.031517777760938386,0.032751808442419476,0.09526579466457086,0.0692289143423667,0.13001885820861814,0.08736555950744405,0.04060662605642064,0.05567116253045624
0.03314539929589158,0.032751808442419476,0.09526579466457086,0.06993264761688915,0.13470890888025724,0.08736555950744405,0.04060662605642064,0.05567116253045624
0.03314539929589158,0.032751808442419476,0.09248550746461529,0.06993264761688915,0.1279379776196798,0.08736555950744405,0.04060662605642064,0.048740781277321364
0.03308484926833175,0.036727757523721996,0.09248550746461529,0.06993264761688915,0.1279379776196798,0.08736555950744405,0.04274230778452899,0.061639382602000914
0.02994303623198501,0.036727757523721996,0.06919943456024605,0.06297071465483625,0.10528181516671532,0.06558113067019919,0.04230638155584591,0.06902772528288977
0.0344261803394842,0.036727757523721996,0.06919943456024605,0.06499828625399329,0.10528181516671532,0.06558113067019919,0.04274230778452899,0.06889334127402624
0.0344261803394842,0.040703706605024516,0.06919943456024605,0.06570201952851575,0.10997186583835444,0.06558113067019919,0.04317823401321208,0.06862457325629918
0.035997086857657574,0.040703706605024516,0.07964542263008792,0.0636756650462742,0.10358474923618262,0.0506323082839356,0.04317823401321208,0.07372836114106085
0.0344261803394842,0.036727757523721996,0.08149386764193922,0.0636756650462742,0.10358474923618262,0.04995661911970329,0.04317823401321208,0.07372836114106085
0.034892195702128294,0.03713873511331825,0.08365215365918152,0.06435152224599322,0.10358474923618262,0.04928092995547098,0.04317823401321208,0.07372836114106085
0.034892195702128294,0.03713873511331825,0.08087186645922595,0.06435152224599322,0.09681381797560513,0.048802475227832924,0.04274230778452899,0.06693236389678951
0.037036983930336886,0.03713873511331825,0.08836237247669083,0.06435152224599322,0.09681381797560513,0.048802475227832924,0.04274230778452899,0.06693236389678951
0.037036983930336886,0.04111468419462077,0.08558208527673526,0.06294405569694832,0.08066278537174942,0.048802475227832924,0.04274230778452899,0.060001982643654625
0.037036983930336886,0.040703706605024516,0.08527224427134428,0.06223333484932986,0.07213745247394607,0.04928092995547098,0.03779908704873329,0.05381321798160299
0.037036983930336886,0.036727757523721996,0.09603483023198829,0.06223333484932986,0.07213745247394607,0.04928092995547098,0.03779908704873329,0.05878262185750113
0.038607890448510256,0.03571208344497715,0.09256835424370602,0.06223333484932986,0.07213745247394607,0.04973407075736192,0.03779908704873329,0.05768134154046502
0.03912505714176566,0.03571208344497715,0.10005886026117092,0.06223333484932986,0.07213745247394607,0.04973407075736192,0.03779908704873329,0.057546957531601495
0.03912505714176566,0.0346964093662323,0.09474393926103736,0.06223333484932986,0.07213745247394607,0.04951152239502056,0.03779908704873329,0.056445677214565386
0.03049196260985646,0.033965326842496785,0.08361907014187603,0.056686691391172765,0.06856855367958363,0.03570157123032898,0.04274230778452899,0.05766503800071888
0.023486489612900462,0.029258295237458754,0.08357338487416087,0.05245568156763875,0.06286143858958965,0.025469408875197337,0.04274230778452899,0.05753065399185535
0.023486489612900462,0.025282346156156234,0.08357338487416087,0.05245568156763875,0.06286143858958965,0.024990954147559273,0.04274230778452899,0.05753065399185535
0.023486489612900462,0.025282346156156234,0.08357338487416087,0.0517519482931163,0.058171387917950526,0.024990954147559273,0.04274230778452899,0.05753065399185535
0.021972298111506913,0.025282346156156234,0.08605502566761647,0.05580465725759937,0.07094562112229419,0.030795153438214522,0.04317823401321208,0.05753065399185535
0.021972298111506913,0.024266672077411386,0.0807401046674829,0.024904797614629805,0.05802588057002881,0.030572605075873158,0.040882880223953436,0.05642937367481924
0.021972298111506913,0.0382451854414124,0.05745403176311366,0.017942864652576895,0.035369718117064367,0.045579126369138585,0.040882880223953436,0.05642937367481924
0.023543204629680285,0.0382451854414124,0.05930247677496496,0.017239131378054443,0.03067966744542525,0.04673327026100895,0.040882880223953436,0.05642937367481924
0.025114111147853658,0.0382451854414124,0.07038166062641113,0.019265485860295976,0.03706678404759708,0.05098674823480119,0.040882880223953436,0.06139877755071738
0.025114111147853658,0.0382451854414124,0.05961907466576711,0.010900679642264028,0.03706678404759708,0.051670659568744594,0.008386681149953317,0.05642937367481924
0.025114111147853658,0.034269236360109874,0.05777062965391581,0.014356686228552852,0.03706678404759708,0.05884907799740612,0.008386681149953317,0.05642937367481924
0.023543204629680285,0.034269236360109874,0.05961907466576711,0.017108959540319223,0.0361384366945772,0.06439489780655921,0.008386681149953317,0.04904103099393039
0.023543204629680285,0.030293287278807354,0.05961907466576711,0.017108959540319223,0.0361384366945772,0.06439489780655921,0.008386681149953317,0.04165268831304153
0.02395250497554455,0.030293287278807354,0.06146751967761842,0.017081083465515786,0.03144838602293808,0.06439489780655921,0.008386681149953317,0.04165268831304153
0.02395250497554455,0.030293287278807354,0.06146751967761842,0.017081083465515786,0.03144838602293808,0.06439489780655921,0.008386681149953317,0.04178707232190506
0.027620883402095214,0.026317338197504835,0.06146751967761842,0.0177569406652348,0.03144838602293808,0.06507058697079153,0.0062509994218449645,0.028888470997225506
0.027620883402095214,0.026317338197504835,0.06146751967761842,0.0177569406652348,0.03144838602293808,0.06507058697079153,0.0062509994218449645,0.02150012831633665
0.021510117759642827,0.026317338197504835,0.06146751967761842,0.015729369066077758,0.03144838602293808,0.06507058697079153,0.005815073193161878,0.02150012831633665
0.023547039640460288,0.02234138911620231,0.06331596468946972,0.015701492991274317,0.026758335351298956,0.06507058697079153,0.005379146964478791,0.02150012831633665
0.02197613312228692,0.02234138911620231,0.0525533787288257,0.015701492991274317,0.026758335351298956,0.06439489780655921,0.005379146964478791,0.01639634043157498
0.02197613312228692,0.02234138911620231,0.051338129498578695,0.019754201955757385,0.039532568555642605,0.07155047542567909,0.005379146964478791,0.01639634043157498
0.019939211241469457,0.02193041152660606,0.049179843481336395,0.01907834475603837,0.039532568555642605,0.07155047542567909,0.005379146964478791,0.01639634043157498
0.021506282748862824,0.023504525362309972,0.05634320949332127,0.01907834475603837,0.039532568555642605,0.10229213451277126,0.008386681149953317,0.030261838064427116
0.02365107097707142,0.023504525362309972,0.06753060553448878,0.01907834475603837,0.039532568555642605,0.10277058924040931,0.008386681149953317,0.03039622207329064
0.02365107097707142,0.019528576281007445,0.06753060553448878,0.01907834475603837,0.039532568555642605,0.10277058924040931,0.008386681149953317,0.03039622207329064
0.02365107097707142,0.019528576281007445,0.06753060553448878,0.01907834475603837,0.039532568555642605,0.10229213451277126,0.008386681149953317,0.03053060608215417
0.025278692512024616,0.015552627199704922,0.05861646458569605,0.01907834475603837,0.039532568555642605,0.10365995718065807,0.008386681149953317,0.025561202206256028
0.023707785993851243,0.015552627199704922,0.056768019573844745,0.01907834475603837,0.039532568555642605,0.1025058132887877,0.008386681149953317,0.025561202206256028
0.021562997765642647,0.015552627199704922,0.049277513556379854,0.01907834475603837,0.039532568555642605,0.1025058132887877,0.008386681149953317,0.025561202206256028
0.021562997765642647,0.01656830127844977,0.05459243455651343,0.019782078030560826,0.047984322545900966,0.10272836165112907,0.008386681149953317,0.02666248252329214
0.021562997765642647,0.020544250359752294,0.05459243455651343,0.01977509045746482,0.047910743638355964,0.10272836165112907,0.0038793866428407002,0.0204737178612405
0.021562997765642647,0.020544250359752294,0.05459243455651343,0.020478823731987273,0.052600794309995084,0.10320681637876714,0.0038793866428407002,0.0204737178612405
0.021562997765642647,0.020544250359752294,0.05459243455651343,0.020478823731987273,0.052600794309995084,0.10320681637876714,0.004315312871523787,0.0204737178612405
0.02470481080198939,0.020544250359752294,0.05459243455651343,0.020485811305083278,0.05643607653615933,0.10524210604117515,0.009258533607319491,0.02679686653215567
0.023077189267036197,0.020544250359752294,0.05211079376305783,0.01643310234060021,0.04366184333181568,0.09808652842205529,0.008822607378636403,0.0269312505410192
0.02470481080198939,0.020544250359752294,0.05395923877490913,0.01643310234060021,0.04366184333181568,0.09808652842205529,0.008822607378636403,0.0269312505410192
0.02470481080198939,0.006565736995751278,0.05395923877490913,0.01643310234060021,0.04366184333181568,0.06264695662000963,0.008822607378636403,0.0269312505410192
0.02313390428381602,0.006565736995751278,0.05395923877490913,0.01643310234060021,0.04366184333181568,0.06149281272813925,0.010130386064685665,0.027065634549882724
0.021562997765642647,0.006565736995751278,0.04288005492346296,0.01581421440740358,0.04665482807292209,0.05723933475434701,0.010130386064685665,0.022096230673984578
0.021562997765642647,0.006565736995751278,0.04288005492346296,0.01581421440740358,0.04665482807292209,0.05655542342040361,0.010130386064685665,0.022096230673984578
0.02470481080198939,0.006565736995751278,0.04288005492346296,0.012358207821114756,0.04665482807292209,0.051206838047844754,0.010130386064685665,0.022096230673984578
0.031710283798945395,0.007296819519486791,0.04107729517932682,0.01242947778383749,0.04391018917265771,0.055217491429590995,0.010130386064685665,0.022096230673984578
0.031710283798945395,0.007296819519486791,0.04107729517932682,0.01242947778383749,0.04391018917265771,0.055217491429590995,0.010130386064685665,0.022096230673984578
0.02967336191812793,0.007296819519486791,0.03922885016747551,0.011753620584118477,0.04391018917265771,0.055217491429590995,0.010130386064685665,0.022096230673984578
0.03281133994369467,0.007296819519486791,0.03922885016747551,0.011753620584118477,0.04391018917265771,0.055893180593823304,0.012266067792794018,0.034860447989800605
0.02757589000975064,0.007296819519486791,0.04107729517932682,0.011077763384399461,0.04391018917265771,0.055217491429590995,0.012266067792794018,0.034994831998664135
0.029146796527924013,0.007296819519486791,0.04107729517932682,0.011781496658921914,0.04860023984429683,0.055893180593823304,0.012266067792794018,0.034994831998664135
0.029146796527924013,0.007296819519486791,0.04107729517932682,0.012485229933444367,0.05329029051593595,0.055893180593823304,0.012266067792794018,0.034994831998664135
0.02868078116527992,0.007296819519486791,0.03954544805827766,0.01383572721596689,0.059677407118107775,0.060146658567615544,0.012266067792794018,0.034994831998664135
0.02868078116527992,0.007296819519486791,0.03954544805827766,0.01383572721596689,0.059677407118107775,0.06062511329525361,0.012266067792794018,0.034994831998664135
0.02868078116527992,0.007296819519486791,0.03891225227667336,0.009783018251483817,0.046903173913764126,0.05346953567613374,0.012266067792794018,0.034994831998664135
0.02868078116527992,0.023200615844696883,0.03891225227667336,0.009783018251483817,0.046903173913764126,0.05346953567613374,0.012701994021477106,0.034994831998664135
0.03199657426274614,0.021626502008992972,0.03174888626468849,0.013239024837772641,0.05066487723238336,0.028949385562426967,0.009694459836002577,0.020994950356948466
0.027706997806328945,0.021626502008992972,0.013070984206056098,0.01769003605375527,0.06476962066122126,0.028470930834788903,0.05871430865488333,0.06195588061261403
0.027706997806328945,0.021626502008992972,0.01861631924161001,0.01769003605375527,0.06476962066122126,0.028470930834788903,0.05871430865488333,0.06195588061261403
0.027706997806328945,0.022037479598589222,0.02077460525885231,0.018393769328277725,0.06945967133286036,0.028470930834788903,0.05871430865488333,0.0618214966037505
0.02607937627137575,0.022037479598589222,0.018926160247001004,0.018400756901373726,0.0732949535590246,0.0271031081669021,0.06365752939067904,0.06801026126580213
0.02607937627137575,0.022037479598589222,0.018926160247001004,0.018400756901373726,0.0732949535590246,0.027581562894540165,0.06365752939067904,0.06801026126580213
0.03471247080328495,0.022768562122324736,0.018971845514716163,0.021928033450385284,0.07431201797737946,0.03781372524967181,0.06365752939067904,0.06801026126580213
0.043345565335194146,0.027475593727362774,0.02086597579428263,0.02475157672487439,0.06687732840547597,0.04852434233244152,0.06365752939067904,0.06801026126580213
0.043345565335194146,0.023499644646060247,0.02086597579428263,0.02475157672487439,0.06311562508685672,0.04852434233244152,0.06322160316199595,0.06827902928352919
0.044916471853367515,0.03542749188996781,0.02086597579428263,0.024047843450351936,0.058425574415217604,0.04872157676903576,0.06322160316199595,0.06827902928352919
0.04648737837154089,0.037001605725671724,0.0261808967944162,0.024047843450351936,0.058425574415217604,0.08061737974799832,0.06278567693331286,0.06938030960056529
0.043345565335194146,0.037001605725671724,0.0261808967944162,0.02404085587725593,0.054590292189053376,0.0785820900855903,0.057842456197517156,0.06305716092965014
0.043345565335194146,0.037001605725671724,0.0261808967944162,0.02404085587725593,0.054590292189053376,0.07906054481322836,0.057842456197517156,0.06292277692078661
0.04328885031841432,0.037001605725671724,0.024332451782564896,0.02404085587725593,0.054590292189053376,0.07973623397746067,0.057842456197517156,0.06305716092965014
0.04328885031841432,0.037001605725671724,0.024332451782564896,0.02404085587725593,0.054590292189053376,0.07973623397746067,0.057842456197517156,0.06305716092965014
0.044916471853367515,0.037001605725671724,0.044009178692001646,0.02404085587725593,0.054590292189053376,0.07973623397746067,0.056534677511467894,0.0728615846725829
0.044916471853367515,0.040977554806974244,0.04678946589195722,0.022633389328211025,0.05198112210635261,0.07973623397746067,0.056534677511467894,0.07979196592571777
0.044916471853367515,0.040977554806974244,0.04678946589195722,0.022633389328211025,0.05198112210635261,0.07973623397746067,0.056534677511467894,0.07979196592571777
0.04177465881702077,0.040977554806974244,0.04678946589195722,0.022633389328211025,0.05198112210635261,0.077906400921358,0.056534677511467894,0.07979196592571777
0.04098781780990829,0.04126214636198358,0.05954920764184051,0.0204578271786375,0.05096405768799775,0.06789678692856771,0.056534677511467894,0.08089324624275389
0.042558724328081665,0.04126214636198358,0.05954920764184051,0.0204578271786375,0.05096405768799775,0.06857247609280001,0.056534677511467894,0.08089324624275389
0.042558724328081665,0.04227782044072843,0.06486412864197408,0.02116156045315995,0.05565410835963686,0.06879502445514138,0.056534677511467894,0.08199452655978999
0.042558724328081665,0.04227782044072843,0.06671257365382538,0.02256902700220486,0.06503420970291511,0.06879502445514138,0.056534677511467894,0.08199452655978999
0.042558724328081665,0.046253769522030946,0.06486412864197408,0.02256902700220486,0.06503420970291511,0.06879502445514138,0.056534677511467894,0.08199452655978999
0.04098781780990829,0.046253769522030946,0.06486412864197408,0.02256902700220486,0.06503420970291511,0.06811933529090908,0.056534677511467894,0.08199452655978999
0.04098781780990829,0.046253769522030946,0.06486412864197408,0.021865293727682405,0.06034415903127598,0.06859779001854714,0.056534677511467894,0.08212891056865353
0.04156169951994352,0.046253769522030946,0.07388648178048812,0.020542672519963324,0.05864709310074328,0.0643443120447549,0.056534677511467894,0.08226329457751705
0.044760227573070084,0.046253769522030946,0.07388648178048812,0.021246405794485775,0.06333714377238239,0.06454154648134915,0.056534677511467894,0.08226329457751705
0.044760227573070084,0.046253769522030946,0.07573492679233942,0.021246405794485775,0.06333714377238239,0.06454154648134915,0.056534677511467894,0.08239767858638057
0.044760227573070084,0.030349973196820864,0.07573492679233942,0.021246405794485775,0.06333714377238239,0.06454154648134915,0.056098751282784805,0.08239767858638057
0.0398773629682105,0.030349973196820864,0.07573492679233942,0.01779039920819695,0.06333714377238239,0.05832003750796374,0.056098751282784805,0.08239767858638057
0.041448269486383874,0.030349973196820864,0.07573492679233942,0.013339387992214322,0.04923240034354451,0.05899572667219605,0.0070789024639040556,0.0413023643218515
0.041448269486383874,0.030349973196820864,0.0701895917567855,0.014043121266736777,0.05392245101518363,0.05899572667219605,0.0070789024639040556,0.0413023643218515
0.045163964232765835,0.029938995607224614,0.0755218117570081,0.013339387992214322,0.04923240034354451,0.059671415836428356,0.0070789024639040556,0.0413023643218515
0.045163964232765835,0.029938995607224614,0.0755218117570081,0.01333240041911832,0.045397118117380265,0.059671415836428356,0.002135681728108352,0.035113599659799856
0.045163964232765835,0.029938995607224614,0.0755218117570081,0.01333240041911832,0.049158821435999506,0.05919296110879029,0.002135681728108352,0.035113599659799856
0.03653086970085664,0.02961889067308535,0.07578596749468393,0.00980512387010676,0.04814175701764464,0.049439253481296706,0.002135681728108352,0.035113599659799856
0.027897775168947446,0.023896184989302464,0.0685769162149839,0.03717770696406477,0.060044433151555145,0.03850608803618564,0.004431035517367,0.03401231934276375
0.027897775168947446,0.023896184989302464,0.0685769162149839,0.03717770696406477,0.060044433151555145,0.03850608803618564,0.004431035517367,0.033743551325036696
0.03103958820529419,0.0119683377453949,0.07227380623868651,0.03788144023858722,0.0684961871418135,0.03985746636465026,0.004431035517367,0.033743551325036696
0.02946868168712082,0.010394223909690992,0.06695888523855294,0.04133744682487604,0.0684961871418135,0.014183172359073109,0.004431035517367,0.03264227100800058
0.02946868168712082,0.010394223909690992,0.06695888523855294,0.04133744682487604,0.0684961871418135,0.014183172359073109,0.004431035517367,0.03277665501686411
0.03103958820529419,0.010394223909690992,0.06695888523855294,0.04133744682487604,0.0684961871418135,0.014380406795667357,0.004431035517367,0.03277665501686411
0.03365039179614687,0.011409897988435839,0.0816127572680027,0.042013304024595056,0.0684961871418135,0.013927265993776411,0.004431035517367,0.033743551325036696
0.03365039179614687,0.011409897988435839,0.08192935515880485,0.04403965850683659,0.07488330374398533,0.017505054803336344,0.004431035517367,0.033743551325036696
0.03202277026119368,0.012425572067180687,0.06571910423765037,0.04403965850683659,0.07488330374398533,0.017727603165677713,0.004431035517367,0.02490602389027651
0.03202277026119368,0.013441246145925534,0.07195062806153096,0.04403965850683659,0.06811237248340786,0.017950151528019077,0.004431035517367,0.019076922954177743
0.03202277026119368,0.013441246145925534,0.07195062806153096,0.04403965850683659,0.06811237248340786,0.017950151528019077,0.004431035517367,0.019076922954177743
0.03202277026119368,0.013441246145925534,0.07195062806153096,0.04403965850683659,0.06811237248340786,0.017950151528019077,0.004431035517367,0.019076922954177743
0.02580413827135016,0.013441246145925534,0.06446012204406608,0.04268794410739856,0.06811237248340786,0.017950151528019077,0.004431035517367,0.019076922954177743
0.02580413827135016,0.018432869305972904,0.06977504304419965,0.04268794410739856,0.06811237248340786,0.018172699890360442,0.004431035517367,0.020178203271213856
0.02580413827135016,0.017417195227228056,0.06446012204406608,0.04198421083287611,0.06342232181176874,0.017950151528019077,0.004431035517367,0.019076922954177743
0.03396120969915661,0.018148277750963566,0.08840096029550373,0.04480775410736521,0.05974933555848448,0.02750662471891841,0.002295353789258648,0.011147725505396335
0.03396120969915661,0.014172328669661047,0.08840096029550373,0.04480775410736521,0.05974933555848448,0.02750662471891841,0.002295353789258648,0.011282109514259862
0.036105997927365206,0.014172328669661047,0.10665405227361266,0.044104020832842754,0.05505928488684536,0.02819053605286181,0.002295353789258648,0.016385897399021538
0.039821692673747175,0.014172328669661047,0.12490714425172156,0.044104020832842754,0.05505928488684536,0.02838777048945606,0.002295353789258648,0.02135530127491968
0.037676904445538575,0.014172328669661047,0.11556819322240537,0.0434002875583203,0.05036923421520624,0.02838777048945606,0.002295353789258648,0.02122091726605615
0.03447837639241201,0.014172328669661047,0.11556819322240537,0.04269655428379785,0.04567918354356713,0.02839599265916715,0.002295353789258648,0.02135530127491968
0.036105997927365206,0.014172328669661047,0.11371974821055407,0.04269655428379785,0.04567918354356713,0.02887444738680521,0.002295353789258648,0.02122091726605615
0.036105997927365206,0.02610017591356861,0.11371974821055407,0.04269655428379785,0.04567918354356713,0.02887444738680521,0.002295353789258648,0.02135530127491968
0.036105997927365206,0.027115849992313458,0.11903466921068764,0.04269655428379785,0.04191748022494789,0.029780907083089978,0.002295353789258648,0.02245658159195579
0.03453509140919183,0.027115849992313458,0.11903466921068764,0.04269655428379785,0.04567918354356713,0.029105217918857666,0.002295353789258648,0.02245658159195579
0.03453509140919183,0.031091799073615985,0.12088311422253895,0.0434002875583203,0.05036923421520624,0.02958367264649573,0.002295353789258648,0.02245658159195579
0.04368812603206143,0.031091799073615985,0.15833564430986335,0.0434002875583203,0.05036923421520624,0.028907983482263422,0.002295353789258648,0.02245658159195579
0.04368812603206143,0.031091799073615985,0.16018408932171466,0.0510160340054204,0.05505928488684536,0.042307910884310344,0.002295353789258648,0.02245658159195579
0.0452590325502348,0.031091799073615985,0.17094667528235868,0.0510160340054204,0.05129758156822613,0.04298360004854265,0.002295353789258648,0.027425985467853933
0.0452590325502348,0.030680821484019734,0.17063683427696769,0.0510160340054204,0.05129758156822613,0.04250514532090459,0.002295353789258648,0.027425985467853933
0.0452590325502348,0.030680821484019734,0.17063683427696769,0.020116174362450848,0.03837784101596076,0.04250514532090459,0.0,0.027425985467853933
0.04897472729661678,0.030680821484019734,0.1781273402944326,0.020116174362450848,0.03837784101596076,0.0431808344851369,0.0,0.027425985467853933
0.04426200774209667,0.030680821484019734,0.1762788952825813,0.019412441087928393,0.029926087025702403,0.04115376699243997,0.0,0.027425985467853933
0.04426200774209667,0.030680821484019734,0.1762788952825813,0.01595643450163957,0.029926087025702403,0.035410712746692635,0.0,0.027425985467853933
0.04426200774209667,0.030680821484019734,0.1762788952825813,0.01595643450163957,0.029926087025702403,0.035410712746692635,0.0,0.027291601458990403
0.049696574220879294,0.035387853089057765,0.17632458055029648,0.019483711050651126,0.030943151444057265,0.044967185937591976,0.0,0.027291601458990403
0.052520337108809226,0.03510326153404843,0.1617163937885618,0.02233513039994367,0.03196021586241212,0.05497679993038226,0.0,0.026190321141954295
0.052520337108809226,0.03510326153404843,0.16139979589775966,0.02101250919222459,0.030263149931879417,0.05235592057609845,0.0,0.026190321141954295
0.052520337108809226,0.03408758745530358,0.1560848748976261,0.02101250919222459,0.030263149931879417,0.05213337221375708,0.0,0.025089040824918182
0.052520337108809226,0.029095964295256217,0.14707306387378993,0.02101250919222459,0.030263149931879417,0.05191082385141572,0.0,0.023987760507882074
0.05623603185519121,0.029095964295256217,0.15727187638086215,0.023135605796152425,0.030786840022981495,0.052586513015648026,0.0,0.024122144516745603
0.05623603185519121,0.029095964295256217,0.15727187638086215,0.02454307234519733,0.04016694136625973,0.052586513015648026,0.0,0.024122144516745603
0.05623603185519121,0.028080290216511372,0.1519569553807286,0.028725475454213306,0.04016694136625973,0.05236396465330666,0.016248099537000054,0.023020864199709494
0.05680991356522643,0.023088667056463997,0.15413254039805988,0.028725475454213306,0.04016694136625973,0.05146572712673299,0.016248099537000054,0.02191958388267338
0.05680991356522643,0.023088667056463997,0.15413254039805988,0.028725475454213306,0.04016694136625973,0.05146572712673299,0.016248099537000054,0.02191958388267338
0.04551486411185323,0.022357584532728486,0.1283432571347709,0.0244944656306793,0.03445982627626576,0.041233564771601346,0.016248099537000054,0.01695018000677524
0.04551486411185323,0.02633353361403101,0.1283432571347709,0.0244944656306793,0.03445982627626576,0.04171201949923941,0.01668402576568314,0.01681579599791171
0.044940982401818014,0.02633353361403101,0.11009016515666202,0.0244944656306793,0.03445982627626576,0.04266070678480444,0.01668402576568314,0.01171200811315004
0.04337007588364464,0.02633353361403101,0.09932757919601799,0.025198198905201752,0.03914987694790487,0.041985017620572135,0.01668402576568314,0.006608220228388366
0.044940982401818014,0.03030948269533353,0.09932757919601799,0.025198198905201752,0.03914987694790487,0.04266070678480444,0.01668402576568314,0.006608220228388366
0.044940982401818014,0.03030948269533353,0.09932757919601799,0.025198198905201752,0.03914987694790487,0.04197679545086104,0.01668402576568314,0.006473836219524839
0.04331336086686482,0.03030948269533353,0.09932757919601799,0.025198198905201752,0.03914987694790487,0.041498340723222976,0.01668402576568314,0.006473836219524839
0.04331336086686482,0.018381635451425963,0.09932757919601799,0.025198198905201752,0.03914987694790487,0.04197679545086104,0.01668402576568314,0.00633945221066131
0.050318833863820814,0.01809704389641663,0.09437494135440173,0.030751829936454842,0.04655405796843156,0.05488028691926785,0.01668402576568314,0.0052381718936252005
0.050318833863820814,0.02207299297771915,0.10513752731504576,0.0328630297600222,0.056862506664729674,0.05488028691926785,0.01668402576568314,0.010207575769523346
0.06394286827733218,0.02378123269686377,0.1123669144875278,0.03889344568736096,0.04748240532145144,0.054624380553971154,0.01668402576568314,0.011308856086559457
0.05107413890808061,0.02378123269686377,0.06805707416434277,0.04294615465184403,0.06025663852579509,0.061779958173091024,0.01668402576568314,0.018697198767448308
0.05107413890808061,0.02378123269686377,0.07022211706699623,0.03735676268698546,0.06195370445632779,0.05264173091454743,0.01668402576568314,0.018697198767448308
0.051070303897300606,0.02877285585691114,0.07553703806712979,0.038060495961507915,0.06664375512796691,0.05218859011265648,0.018819707493791492,0.03269708040916397
0.051070303897300606,0.032748804938213666,0.07553703806712979,0.03876422923603037,0.07133380579960603,0.05218859011265648,0.018819707493791492,0.03269708040916397
0.0532150921255092,0.032748804938213666,0.08302754408459467,0.03876422923603037,0.07133380579960603,0.05218859011265648,0.018819707493791492,0.03269708040916397
0.04949939737912723,0.032748804938213666,0.07831732526708536,0.03876422923603037,0.0781047370601835,0.05199135567606224,0.018819707493791492,0.03962746166229885
0.04949939737912723,0.036724754019516186,0.08016577027893666,0.1314638081649391,0.11686395871697959,0.05199135567606224,0.02570576886156744,0.0398962296800259
0.04949939737912723,0.036724754019516186,0.08016577027893666,0.1314638081649391,0.11686395871697959,0.05151290094842417,0.02570576886156744,0.04003061368888943
0.04949939737912723,0.036724754019516186,0.09092835623958068,0.19467099399992308,0.1520835411647885,0.05151290094842417,0.03073240266876782,0.045000017564787574
0.042493924382171235,0.03201772241447815,0.09088267097186552,0.19114371745091152,0.15106647674643367,0.041759193320930595,0.03073240266876782,0.045000017564787574
0.03548845138521523,0.03128663989074264,0.09083698570415036,0.18761644090189997,0.1500494123280788,0.031527030965798945,0.03073240266876782,0.045000017564787574
0.03548845138521523,0.03128663989074264,0.09083698570415036,0.18691270762737752,0.1453593616564397,0.030570121510522817,0.03073240266876782,0.045000017564787574
0.03548845138521523,0.03128663989074264,0.09083698570415036,0.18691270762737752,0.1453593616564397,0.030570121510522817,0.031168328897450907,0.045000017564787574
0.03548845138521523,0.03128663989074264,0.0911535835949525,0.18893906210961908,0.15174647825861154,0.03414791032008275,0.031168328897450907,0.045000017564787574
0.03177275663883326,0.03128663989074264,0.08095477108788034,0.18681596550569124,0.15122278816750945,0.03347222115585043,0.031168328897450907,0.044865633555924045
0.043604379223869026,0.03201772241447815,0.0810004563555955,0.1889357755056579,0.14285975124258607,0.044380072675214405,0.031168328897450907,0.044865633555924045
0.04517145073126239,0.03201772241447815,0.0810004563555955,0.18475337239664194,0.14285975124258607,0.044380072675214405,0.017491837317242295,0.0577642348806036
0.0430266625030538,0.03201772241447815,0.07350995033813061,0.18475337239664194,0.14285975124258607,0.044380072675214405,0.030441869989159275,0.08227854876299044
0.04517145073126239,0.03201772241447815,0.0810004563555955,0.18475337239664194,0.14285975124258607,0.044380072675214405,0.030441869989159275,0.08227854876299044
0.04674235724943577,0.03201772241447815,0.0810004563555955,0.18475337239664194,0.14285975124258607,0.04505576183944671,0.030441869989159275,0.08227854876299044
0.04674235724943577,0.03201772241447815,0.08469734637929811,0.18475337239664194,0.14285975124258607,0.04457730711180865,0.03000594376047619,0.0821441647541269
0.04731623895947099,0.03201772241447815,0.092187852396763,0.18476035996973794,0.14669503346875032,0.04294470849230021,0.03494916449627189,0.08833292941617854
0.04720837261207986,0.03201772241447815,0.08469734637929811,0.18891488700395045,0.14200498279711118,0.04294470849230021,0.05119726403327195,0.08833292941617854
0.047265087628859684,0.02804177333317563,0.10622251830058616,0.18891488700395045,0.14200498279711118,0.04295293066201129,0.05119726403327195,0.09827173716797483
0.047265087628859684,0.029057447411920474,0.11153743930071973,0.18891488700395045,0.14200498279711118,0.043653933751990726,0.05119726403327195,0.09937301748501094
0.047265087628859684,0.029057447411920474,0.11153743930071973,0.18891488700395045,0.14200498279711118,0.04413238847962879,0.05119726403327195,0.09977616951160154
0.05040690066520643,0.030073121490665322,0.11685236030085329,0.19032235355299537,0.15138508414038943,0.045706315170434775,0.05119726403327195,0.10087744982863764
0.04340142766825043,0.030357713045674653,0.12180499814246955,0.18476872252174226,0.14398090311986275,0.032802823702027965,0.05119726403327195,0.1022474981634008
0.04340142766825043,0.026381763964372133,0.11190227365958151,0.18478061930210274,0.13043444119604747,0.032802823702027965,0.05119726403327195,0.09727809428750266
0.03181431513555652,0.020697575163924994,0.10282444147524815,0.1780255815985341,0.13426972342221172,0.0325802753396866,0.056140484769067654,0.10236557863251818
0.03395910336376511,0.020697575163924994,0.10968175171110875,0.17397287263405103,0.12149549021786807,0.02590315244820479,0.056140484769067654,0.09497723595162932
0.035526174871158486,0.020697575163924994,0.10652812527435997,0.17406961475573735,0.11563206370679832,0.022325363638644857,0.058276166497176006,0.10787583727630888
0.03395910336376511,0.019681901085180146,0.09045061831358239,0.1733658814812149,0.1109420130351592,0.02210281527630349,0.056140484769067654,0.08890655175869508
0.03553000988193849,0.019681901085180146,0.09601119271349354,0.17266214820669243,0.11979382488467502,0.0227785044405358,0.056140484769067654,0.10276731426496484
0.04039069465068589,0.02438893269021818,0.09932895792438783,0.18105289789103773,0.13019099064630812,0.04018908522432898,0.056140484769067654,0.10773671814086298
0.04039069465068589,0.02438893269021818,0.09839711573628356,0.18105289789103773,0.12342005938573065,0.039710630496690914,0.056140484769067654,0.10094072089659165
0.04902378918259508,0.02114406613265117,0.09844280100399871,0.12278045515411015,0.09859764269955479,0.04994279285182256,0.05154977719055036,0.10067195287886459
0.04902378918259508,0.02114406613265117,0.09844280100399871,0.12278045515411015,0.09859764269955479,0.04994279285182256,0.05154977719055036,0.10053756887000107
0.04902378918259508,0.02114406613265117,0.089528660055206,0.059573269319126085,0.06337806025174583,0.04994279285182256,0.08537324139910092,0.16911110664126341
0.04902378918259508,0.02114406613265117,0.10029124601585002,0.06302927590541492,0.06337806025174583,0.0802577473070799,0.08537324139910092,0.1742148945260251
0.05059469570076845,0.02114406613265117,0.10029124601585002,0.06302927590541492,0.06337806025174583,0.08093343647131221,0.085809167627784,0.1742148945260251
0.05059469570076845,0.02215974021139602,0.11668535086742976,0.06505563038765645,0.06976517685391766,0.08589613970479497,0.085809167627784,0.1802855787189593
0.05059469570076845,0.027151363371443384,0.12200027186756333,0.06505563038765645,0.06976517685391766,0.08611868806713634,0.08537324139910092,0.1813868590359954
0.054668539462403375,0.03112731245274591,0.12168367397676118,0.06438099030485295,0.06337806025174583,0.0825408992575764,0.08537324139910092,0.1813868590359954
0.054668539462403375,0.03112731245274591,0.12168367397676118,0.06438099030485295,0.06337806025174583,0.0832248105915198,0.08537324139910092,0.1813868590359954
0.04283691687736762,0.030396229929010397,0.122497850186802,0.06297681035976922,0.06288468592449305,0.07231695907215585,0.09832327407101789,0.20590117291838225
0.04341463359818285,0.030396229929010397,0.12998835620426688,0.06368054363429168,0.06757473659613217,0.07231695907215585,0.09575166611422645,0.20039091427459158
0.04341463359818285,0.03437217901031292,0.12998835620426688,0.06368054363429168,0.06757473659613217,0.07368478174004264,0.08280163344230947,0.17587660039220473
0.04284075188814762,0.03437217901031292,0.122497850186802,0.06368054363429168,0.06757473659613217,0.07436047090427496,0.08280163344230947,0.17587660039220473
0.04126984536997425,0.03437217901031292,0.122497850186802,0.06508801018333658,0.0769548379394104,0.07436869307398605,0.08280163344230947,0.17587660039220473
0.04126984536997425,0.031411904007755245,0.12411588116323297,0.06508801018333658,0.0769548379394104,0.07459124143632742,0.08280163344230947,0.17697788070924086
0.03912505714176566,0.031411904007755245,0.11662537514576808,0.06578475588476303,0.07780960638488528,0.07459124143632742,0.07785841270651377,0.17092350005605275
0.03865520676834157,0.031411904007755245,0.11662537514576808,0.06092649557602804,0.07780960638488528,0.07459124143632742,0.06374599489762206,0.18382210138073232
0.03859849175156174,0.035387853089057765,0.09510020322448004,0.06092649557602804,0.07780960638488528,0.07458301926661633,0.06374599489762206,0.17388329362893604
0.03859849175156174,0.03437217901031292,0.10054786818499048,0.06092649557602804,0.07780960638488528,0.0738820161766369,0.06374599489762206,0.17788580119666156
0.03859849175156174,0.03437217901031292,0.10054786818499048,0.06438250216231686,0.07780960638488528,0.07962507042238423,0.06374599489762206,0.17748264917007098
0.0370843002501682,0.03391494468852713,0.10969242316920354,0.06297503561327196,0.06842950504160705,0.108091799728691,0.06374599489762206,0.18135077272893302
0.04411195308323637,0.03687521969108481,0.11186800818653486,0.06297503561327196,0.06842950504160705,0.10718534003240623,0.06374599489762206,0.17998072439416987
0.04411195308323637,0.04085116877238733,0.11100814670877888,0.06085193900934412,0.06790581495050498,0.10718534003240623,0.06374599489762206,0.17998072439416987
0.04421981943062751,0.04085116877238733,0.11849865272624377,0.06016909423652911,0.06407053272434073,0.10718534003240623,0.07175280683374334,0.19830627361450506
0.042075031202418914,0.04085116877238733,0.11100814670877888,0.06016909423652911,0.06407053272434073,0.10670688530476817,0.07175280683374334,0.19830627361450506
0.04050795969502555,0.04085116877238733,0.11014828523102291,0.05804599763260127,0.0673085459518579,0.10602297397082477,0.06961712510563499,0.18554205629868906
0.04751343269198154,0.03760630221482032,0.11019397049873807,0.061573274181612826,0.07208731368883199,0.11625513632595641,0.06961712510563499,0.18554205629868906
0.048087314402016766,0.033630353133517796,0.11212390211629181,0.061573274181612826,0.058545451167677044,0.1162633584956675,0.06961712510563499,0.1716812937924193
0.04108184140506077,0.028923321528479765,0.10501252091163524,0.05318252449726754,0.04814828540604394,0.09885277771187434,0.06961712510563499,0.16671188991652117
0.04427653444740733,0.029334299118076015,0.10347391690517493,0.05318252449726754,0.04814828540604394,0.09885277771187434,0.07175280683374334,0.17947610723233717
0.035643439915498135,0.02961889067308535,0.11580884857453473,0.022211394891575243,0.03421148043542372,0.09506467269246946,0.0694574530444847,0.18554679142527142
0.037214346433671504,0.02961889067308535,0.11580884857453473,0.022211394891575243,0.03421148043542372,0.09574036185670176,0.0694574530444847,0.18554679142527142
0.04421981943062751,0.030760950786417114,0.11431592983578959,0.0257386714405868,0.03522854485377858,0.1066564355457768,0.030607355028733754,0.11200384977811091
0.04421981943062751,0.030760950786417114,0.10355334387514557,0.02228266485429798,0.04275195149101706,0.0758630263628814,0.030607355028733754,0.10690006189334923
0.04264891291245414,0.030760950786417114,0.10725023389884818,0.02228266485429798,0.04275195149101706,0.0751873371986491,0.030171428800050668,0.10690006189334923
0.04427653444740733,0.030760950786417114,0.096171050047402,0.020256310372056444,0.03636483488884523,0.07044718232750771,0.030171428800050668,0.10193065801745109
0.04427653444740733,0.02576932762636974,0.09085612904726845,0.02027028551824845,0.04403539934117371,0.07022463396516634,0.04005787027164208,0.11320690702451827
0.04020269068577241,0.02179337854506722,0.09085612904726845,0.018918571118810422,0.04403539934117371,0.07022463396516634,0.04005787027164208,0.11320690702451827
0.04427653444740733,0.02179337854506722,0.09085612904726845,0.02027028551824845,0.04403539934117371,0.06954072263122293,0.04005787027164208,0.11320690702451827
0.04427653444740733,0.02179337854506722,0.08999626756951247,0.018147188914320617,0.04351170925007163,0.06954072263122293,0.027107837599725095,0.08869259314213142
0.04370265273737211,0.02179337854506722,0.08250576155204757,0.018147188914320617,0.04351170925007163,0.07021641179545524,0.027107837599725095,0.08157301847896962
0.047306646125582934,0.017817429463764696,0.08250576155204757,0.018823046114039628,0.04351170925007163,0.06884858912756844,0.029243519327833447,0.09447161980364918
0.04573573960740956,0.017817429463764696,0.08435420656389889,0.018823046114039628,0.04351170925007163,0.06817289996333614,0.029679445556516533,0.09447161980364918
0.0493435680064004,0.017817429463764696,0.08435420656389889,0.018091436764713736,0.0341316079067934,0.06816467779362503,0.029679445556516533,0.09447161980364918
0.0493435680064004,0.01680175538501985,0.07903928556376531,0.01879517003923619,0.03882165857843252,0.06842058415892174,0.029679445556516533,0.09337033948661307
0.05545433364885278,0.01680175538501985,0.08088773057561661,0.020119008363870778,0.0341316079067934,0.06842058415892174,0.029679445556516533,0.09323595547774954
0.05388726214145941,0.01680175538501985,0.08088773057561661,0.020822741638393233,0.03882165857843252,0.06842058415892174,0.02754376382840818,0.08033735415306999
0.052316355623286036,0.012825806303717328,0.08366801777557219,0.020822741638393233,0.04559258983900999,0.06774489499468944,0.02797969005709127,0.08726773540620486
0.052316355623286036,0.012825806303717328,0.07290543181492817,0.020822741638393233,0.04559258983900999,0.06842880632863285,0.02797969005709127,0.08216394752144318
0.052316355623286036,0.012825806303717328,0.07448842126893891,0.027498507463312085,0.07752817284986911,0.08009624140304712,0.02797969005709127,0.08216394752144318
0.05068873408833284,0.012267366546758267,0.06002894528459229,0.027498507463312085,0.07752817284986911,0.05094495334618309,0.02797969005709127,0.07719454364554504
0.04366108125526467,0.012678344136354517,0.05284828027251839,0.027498507463312085,0.07752817284986911,0.05094495334618309,0.02797969005709127,0.07719454364554504
0.04366108125526467,0.008702395055051994,0.05284828027251839,0.027498507463312085,0.07752817284986911,0.05094495334618309,0.02797969005709127,0.07732892765440857
0.048521766024012064,0.009433477578787507,0.05616604548341269,0.031025784012323643,0.07854523726822397,0.06117711570131473,0.015029657385174288,0.057784017647919884
0.050666554252220664,0.009433477578787507,0.06365655150087757,0.031025784012323643,0.07854523726822397,0.06117711570131473,0.015029657385174288,0.057784017647919884
0.05223746077039404,0.009433477578787507,0.06365655150087757,0.031025784012323643,0.07478353394960474,0.06185280486554704,0.015029657385174288,0.05764963363905636
0.045231987773438044,0.008702395055051994,0.06361086623316241,0.027498507463312085,0.07000476621263063,0.053056006693329584,0.015029657385174288,0.05764963363905636
0.043087199545229445,0.008702395055051994,0.05612036021569753,0.027498507463312085,0.07000476621263063,0.05237209535938619,0.015029657385174288,0.0650379763199452
0.04622901258157618,0.008702395055051994,0.05274006808279707,0.02952486194555362,0.07639188281480247,0.057301262497410736,0.015029657385174288,0.0650379763199452
0.043034319539229614,0.00930709154420059,0.057745148077539644,0.02952486194555362,0.07639188281480247,0.057523810859752104,0.012893975657065935,0.053375039321165295
0.043034319539229614,0.008291417465455744,0.05243022707740608,0.026068855359264797,0.07639188281480247,0.051079753524025336,0.012893975657065935,0.05227375900412918
0.041463413021056245,0.013283040625503114,0.057745148077539644,0.026068855359264797,0.07639188281480247,0.050626612722134395,0.012893975657065935,0.053509423330028824
0.03602884654227362,0.012140980512171351,0.05738962180443349,0.02254157881025324,0.07537481839644761,0.04038622819729166,0.012893975657065935,0.053509423330028824
0.03602884654227362,0.012140980512171351,0.058339415476839934,0.028620642256977843,0.0870127615657246,0.05111959462597146,0.012893975657065935,0.053509423330028824
0.03602884654227362,0.012140980512171351,0.054642525453137324,0.028627629830073848,0.09084804379188884,0.05111959462597146,0.017837196392861642,0.05969818799208046
0.03440122500732042,0.011125306433426504,0.04932760445300376,0.028627629830073848,0.09084804379188884,0.051375500991268155,0.017837196392861642,0.058596907675044343
0.03597213152549379,0.011125306433426504,0.051176049464855065,0.02861365468388184,0.08317747933956036,0.052051190155500464,0.00795075492127023,0.046219378350941066
0.03597213152549379,0.011125306433426504,0.051176049464855065,0.02931738795840429,0.08786753001119949,0.052051190155500464,0.00795075492127023,0.046219378350941066
0.03189828776385887,0.011125306433426504,0.05302449447670637,0.027965673558966262,0.08786753001119949,0.05273510148944387,0.00795075492127023,0.046219378350941066
0.03597213152549379,0.011125306433426504,0.05302449447670637,0.02931738795840429,0.08786753001119949,0.05273510148944387,0.00795075492127023,0.046219378350941066
0.03440122500732042,0.011125306433426504,0.05302449447670637,0.02861365468388184,0.08317747933956036,0.05205941232521156,0.00795075492127023,0.05333895301410287
0.0307972316191096,0.011125306433426504,0.053884355954462344,0.03006089408809066,0.08370116943066244,0.05205941232521156,0.005815073193161878,0.04057473569828684
0.0307972316191096,0.011125306433426504,0.05203591094261104,0.03006089408809066,0.08370116943066244,0.05205941232521156,0.005379146964478791,0.04070911970715037
0.027189403220118764,0.011125306433426504,0.05203591094261104,0.029385036888371647,0.08370116943066244,0.05138372316097925,0.005379146964478791,0.04070911970715037
0.027189403220118764,0.011125306433426504,0.07356108286389906,0.028681303613849192,0.07901111875902332,0.050905268433341186,0.005379146964478791,0.050647927458946654
0.02107863757766638,0.011125306433426504,0.07202923574284992,0.028680086496933686,0.08539823536119515,0.05496151197053918,0.005379146964478791,0.050647927458946654
0.02107863757766638,0.015101255514729026,0.07202923574284992,0.027976353222411234,0.08070818468955603,0.05564542330448258,0.005379146964478791,0.050647927458946654
0.02107863757766638,0.023736709050698555,0.06924894854289435,0.027976353222411234,0.07393725342897856,0.06745861390516447,0.004943220735795704,0.04371754620581178
0.02107863757766638,0.023736709050698555,0.06924894854289435,0.028680086496933686,0.07862730410061768,0.06677470257122108,0.004943220735795704,0.04371754620581178
0.023115559458483842,0.023736709050698555,0.0676659590888836,0.019224171285445023,0.046691721089758546,0.0488857585234214,0.004943220735795704,0.04371754620581178
0.023115559458483842,0.023736709050698555,0.0676659590888836,0.019224171285445023,0.046691721089758546,0.04751793585553459,0.004943220735795704,0.04371754620581178
0.023115559458483842,0.01934978237979978,0.06735611808349261,0.019224171285445023,0.05045342440837779,0.04751793585553459,0.004943220735795704,0.04385193021467531
0.023115559458483842,0.01934978237979978,0.06920456309534391,0.019224171285445023,0.05045342440837779,0.04751793585553459,0.004943220735795704,0.04371754620581178
0.01611008646152784,0.019634373934809116,0.0637112128671183,0.01570388230952947,0.053271642216187166,0.03819223319668772,0.00988644147159141,0.04603818730900139
0.013965298233319245,0.019634373934809116,0.05622070684965341,0.01570388230952947,0.053271642216187166,0.03819223319668772,0.00988644147159141,0.04603818730900139
0.01552853472993261,0.019634373934809116,0.05622070684965341,0.04660374195249904,0.06619138276845252,0.03751654403245541,0.01688908494574985,0.0718353899583605
0.01552853472993261,0.019634373934809116,0.05622070684965341,0.04661072952559504,0.07002666499461675,0.03608117984954123,0.021832305681545552,0.07802415462041214
0.01552853472993261,0.019634373934809116,0.05622070684965341,0.04661072952559504,0.07002666499461675,0.03608117984954123,0.021832305681545552,0.07063581193952329
0.014423643574403329,0.019634373934809116,0.05590410895885126,0.045260232243072525,0.06363954839244493,0.031152012711516665,0.021832305681545552,0.07063581193952329
0.014423643574403329,0.01861869985606427,0.050589187958717696,0.045260232243072525,0.06363954839244493,0.0309294643491753,0.021832305681545552,0.06940014761362365
0.016568431802611923,0.01861869985606427,0.04731710801553857,0.045260232243072525,0.06363954839244493,0.03257028513839483,0.021832305681545552,0.06443074373772549
0.016568431802611923,0.017603025777319422,0.04231878490620714,0.04728658672531406,0.07002666499461675,0.0359255255856134,0.021832305681545552,0.06319507941182587
0.014997525284438552,0.017603025777319422,0.04231878490620714,0.05146898983433003,0.07002666499461675,0.035728291149019153,0.03851633144722869,0.06319507941182587
0.014997525284438552,0.01861869985606427,0.04668391223393427,0.045389926387605424,0.05086531518810129,0.02521747308268071,0.03851633144722869,0.06429635972886197
0.01825276835434494,0.01861869985606427,0.04668391223393427,0.04538293881450942,0.04703003296193706,0.02590138441662411,0.03357311071143299,0.05810759506681033
0.019823674872518314,0.026570598018669313,0.04668391223393427,0.04538293881450942,0.04703003296193706,0.02609861885321836,0.04652314338334997,0.08262190894919716
0.01825276835434494,0.026570598018669313,0.04483546722208297,0.04538293881450942,0.04703003296193706,0.02542292968898605,0.04652314338334997,0.08262190894919716
0.01825276835434494,0.026570598018669313,0.04483546722208297,0.04886160864900294,0.06114849888339414,0.02542292968898605,0.06277124292035004,0.08262190894919716
0.020397556582553537,0.026570598018669313,0.05264257113035,0.050887963131244475,0.06753561548556596,0.02831680716460258,0.06277124292035004,0.08262190894919716
0.01632371282091862,0.026570598018669313,0.05264257113035,0.04953624873180645,0.06753561548556596,0.02831680716460258,0.06277124292035004,0.08262190894919716
0.01632371282091862,0.026570598018669313,0.05350243260810598,0.05165934533573428,0.07182100889528728,0.02831680716460258,0.06277124292035004,0.07523356626830831
0.01632371282091862,0.026570598018669313,0.05264257113035,0.04953624873180645,0.0712973188041852,0.02831680716460258,0.06277124292035004,0.07509918225944479
0.01632371282091862,0.026570598018669313,0.05264257113035,0.04953624873180645,0.0712973188041852,0.02831680716460258,0.06277124292035004,0.07496479825058125
0.01789461933909199,0.030546547099971837,0.05264257113035,0.04953624873180645,0.0712973188041852,0.028992496328834893,0.06277124292035004,0.0756367182948989
0.01946552585726536,0.030546547099971837,0.031117399209061952,0.04953624873180645,0.0712973188041852,0.0296681854930672,0.06277124292035004,0.06569791054310262
0.01946552585726536,0.03156222117871668,0.04166105735394728,0.047509894249564914,0.06491020220201336,0.02583449031821057,0.06277124292035004,0.06679919086013873
0.02150244773808282,0.02758627209741416,0.04166105735394728,0.04818575144928393,0.06491020220201336,0.02515057898426717,0.06277124292035004,0.06679919086013873
0.027362930712673386,0.022926767642747155,0.05664206938887706,0.04818575144928393,0.06491020220201336,0.014013077547817596,0.06277124292035004,0.06679919086013873
0.027362930712673386,0.022926767642747155,0.05664206938887706,0.04748201817476148,0.06022015153037425,0.014013077547817596,0.06277124292035004,0.06679919086013873
0.025326008831855925,0.022926767642747155,0.05664206938887706,0.04680616097504246,0.06022015153037425,0.014013077547817596,0.06277124292035004,0.06679919086013873
0.027470797060064518,0.022926767642747155,0.06413257540634194,0.04680616097504246,0.06022015153037425,0.014013077547817596,0.06277124292035004,0.06693357486900225
0.027470797060064518,0.022926767642747155,0.06413257540634194,0.04680616097504246,0.05645844821175502,0.014013077547817596,0.06277124292035004,0.06679919086013873
0.027470797060064518,0.022926767642747155,0.06228413039449064,0.050262167561331283,0.05645844821175502,0.020234586521202993,0.06277124292035004,0.06693357486900225
0.027470797060064518,0.02191109356400231,0.056969209394357075,0.050255179988235275,0.05262316598559077,0.01932812682491823,0.05782802218455432,0.0596435298899145
0.027470797060064518,0.02191109356400231,0.056969209394357075,0.050255179988235275,0.05262316598559077,0.01932812682491823,0.05782802218455432,0.0596435298899145
0.02794448244426861,0.02191109356400231,0.056969209394357075,0.020031177544984728,0.03970342543332541,0.02000381598915054,0.05082537871039589,0.033846327240555384
0.02794448244426861,0.02191109356400231,0.058817654406208376,0.020024189971888724,0.035868143207161175,0.02000381598915054,0.045882157974600185,0.027657562578503755
0.02794448244426861,0.02191109356400231,0.058817654406208376,0.020024189971888724,0.03962984652578041,0.02000381598915054,0.045882157974600185,0.027657562578503755
0.025907560563451153,0.02191109356400231,0.058817654406208376,0.019348332772169713,0.03962984652578041,0.02000381598915054,0.045882157974600185,0.03504590525939261
0.025907560563451153,0.02191109356400231,0.058817654406208376,0.019348332772169713,0.03962984652578041,0.02000381598915054,0.045882157974600185,0.03504590525939261
0.025329843842635928,0.02191109356400231,0.05132714838874349,0.019348332772169713,0.03962984652578041,0.018362995199931013,0.04801783970270854,0.04794450658407216
0.025329843842635928,0.017935144482699786,0.053790837697896915,0.017321978289928174,0.04001366118418605,0.014785206390371081,0.04801783970270854,0.05487488783720704
0.038953878256147295,0.02260365920440208,0.05570530387024539,0.020577457657295864,0.04001366118418605,0.014306751662733019,0.03133381393702538,0.05487488783720704
0.038953878256147295,0.02158798512565723,0.05039038287011181,0.020577457657295864,0.04001366118418605,0.014084203300391653,0.03133381393702538,0.05377360752017093
0.049322669599752275,0.02625649984735953,0.05230484904246028,0.02801534013367953,0.04001366118418605,0.013400291966448251,0.03133381393702538,0.05377360752017093
0.047751763081578906,0.018304601684754486,0.05230484904246028,0.02801534013367953,0.04001366118418605,0.012724602802215941,0.018383781265108406,0.02925929363778409
0.06137579749509027,0.02297311640645678,0.05606776022666005,0.035453222610063194,0.043775364502805295,0.012724602802215941,0.018383781265108406,0.02939367764664762
0.06504034091086093,0.02297311640645678,0.057916205238511355,0.03194667670076623,0.024966847909709093,0.012724602802215941,0.002135681728108352,0.02939367764664762
0.06289555268265233,0.02297311640645678,0.05195754634209563,0.030624055493047152,0.02326978197917639,0.009625268720294069,0.002135681728108352,0.02939367764664762
0.06289555268265233,0.02297311640645678,0.07348271826338368,0.030624055493047152,0.02326978197917639,0.009625268720294069,0.002135681728108352,0.03933248539844391
0.06446645920082571,0.02297311640645678,0.0726228567856277,0.028500958889119316,0.01898438856945507,0.011257867339802505,0.002135681728108352,0.03933248539844391
0.06446645920082571,0.025004464563946473,0.08325269878589484,0.032683361998135284,0.01898438856945507,0.011702964064485236,0.018819707493791492,0.041669430041379664
0.06446645920082571,0.025004464563946473,0.08325269878589484,0.03338709527265774,0.02367443924109419,0.011702964064485236,0.019691559951157667,0.041669430041379664
0.06289555268265233,0.02102851548264395,0.09401528474653885,0.03338709527265774,0.02367443924109419,0.011027274900252926,0.019691559951157667,0.04596691387296016
0.061324646164478955,0.032956362726551516,0.09401528474653885,0.03338709527265774,0.02367443924109419,0.010830040463658678,0.019691559951157667,0.05335525655384902
0.061324646164478955,0.03194068864780667,0.10468020063213941,0.03338709527265774,0.02367443924109419,0.010607492101317314,0.019691559951157667,0.06219278398860919
0.061324646164478955,0.03235166623740292,0.1049900416375304,0.034090828547180194,0.028364489912733312,0.010607492101317314,0.019691559951157667,0.06219278398860919
0.055464163189888394,0.0283757171561004,0.09032562749340277,0.03611718302942173,0.03475160651490514,0.01350959174664494,0.019691559951157667,0.06219278398860919
0.055464163189888394,0.0283757171561004,0.09217407250525407,0.03611718302942173,0.03475160651490514,0.013988046474283002,0.019691559951157667,0.06219278398860919
0.055464163189888394,0.04173021606834906,0.09779883451077864,0.037524649578466636,0.04413170785818338,0.014210594836624367,0.019691559951157667,0.0632940643056453
0.0533193749616798,0.04173021606834906,0.09030832849331376,0.037524649578466636,0.04413170785818338,0.014210594836624367,0.019691559951157667,0.06315968029678178
0.0533193749616798,0.04173021606834906,0.09030832849331376,0.037524649578466636,0.04413170785818338,0.014210594836624367,0.019691559951157667,0.06315968029678178
0.0533193749616798,0.04173021606834906,0.10193077593171375,0.036191739596105645,0.044655397949285455,0.007989085863238963,0.019691559951157667,0.06799470016381641
0.0533193749616798,0.050697788309698955,0.10724569693184731,0.036191739596105645,0.044655397949285455,0.00821163422558033,0.019691559951157667,0.06909598048085251
0.0533193749616798,0.050697788309698955,0.10909414194369861,0.0368954728706281,0.049345448620924576,0.00821163422558033,0.019691559951157667,0.06909598048085251
0.0649064874943737,0.061373600270193465,0.12163845011631423,0.04506496469633766,0.05872554996420281,0.008656730950263059,0.019691559951157667,0.07129854111492474
0.0649064874943737,0.061373600270193465,0.11979000510446293,0.04506496469633766,0.05872554996420281,0.008656730950263059,0.019691559951157667,0.07129854111492474
0.0649064874943737,0.06238927434893831,0.1257381218862008,0.049117673660820725,0.07149978316854647,0.016034856931724295,0.019691559951157667,0.07239982143196085
0.0670512757225823,0.06238927434893831,0.1332286279036657,0.049117673660820725,0.07149978316854647,0.016034856931724295,0.019691559951157667,0.07239982143196085
0.0670512757225823,0.06238927434893831,0.1332286279036657,0.049117673660820725,0.07149978316854647,0.016034856931724295,0.019691559951157667,0.07239982143196085
0.06548420421518893,0.06238927434893831,0.13408848938142165,0.05124077026474857,0.07202347325964854,0.016034856931724295,0.017555878223049316,0.05950122010728128
0.06548420421518893,0.06238927434893831,0.13130820218146608,0.05124077026474857,0.06525254199907107,0.016034856931724295,0.017555878223049316,0.0525708388541464
0.05186016980167756,0.05772075962723602,0.12971033389991976,0.04582924227060643,0.0716396586012429,0.01961264574128423,0.017555878223049316,0.0525708388541464
0.05186016980167756,0.05772075962723602,0.12971033389991976,0.04582924227060643,0.0716396586012429,0.01961264574128423,0.017555878223049316,0.0525708388541464
0.0382361353881662,0.054067918984278575,0.13311078872770485,0.03839135979422277,0.0716396586012429,0.019835194103625595,0.017555878223049316,0.05367211917118251
0.0382361353881662,0.054626358741237634,0.13311078872770485,0.0418473663805116,0.0716396586012429,0.05657581380176181,0.017555878223049316,0.05367211917118251
0.024612100974654827,0.04995784401953534,0.1293478775435051,0.03440948390412793,0.06787795528262365,0.05657581380176181,0.017555878223049316,0.05353773516231898
0.02094755755888417,0.04995784401953534,0.1274994325316538,0.033733626704408916,0.06787795528262365,0.05657581380176181,0.017555878223049316,0.05353773516231898
0.02094755755888417,0.04995784401953534,0.12380254250795118,0.033029893429886464,0.06318790461098453,0.05609735907412375,0.017555878223049316,0.05353773516231898
0.02094755755888417,0.057909742182140365,0.10227737058666314,0.033029893429886464,0.06318790461098453,0.05609735907412375,0.017555878223049316,0.043598927410522695
0.019376651040710798,0.057909742182140365,0.10227737058666314,0.03721229653890244,0.06318790461098453,0.05446476045461532,0.03380397776004938,0.043598927410522695
0.019376651040710798,0.05587839402465067,0.09164752858639601,0.033733626704408916,0.06787795528262365,0.05449811845757064,0.01711995199436623,0.04126198276758695
0.019376651040710798,0.05587839402465067,0.09164752858639601,0.10319441893385756,0.08902738571551526,0.05449811845757064,0.05333500618951746,0.04126198276758695
0.021413572921528262,0.05587839402465067,0.08088494262575198,0.10732628271986541,0.08902738571551526,0.06071962743095605,0.05333500618951746,0.036292578891688805
0.02841904591848426,0.04468162930447863,0.08093062789346714,0.1417534189118465,0.10296419068613546,0.07143024451372577,0.05563035997877611,0.028904236210799947
0.02841904591848426,0.045697303383223475,0.06472037697231266,0.1417534189118465,0.10296419068613546,0.07165279287606713,0.05563035997877611,0.020066708776039766
0.028009745572619992,0.04630199987237208,0.06972545696705525,0.14178129498664996,0.10765424135777459,0.0718753412384085,0.05563035997877611,0.02116798909307588
0.028009745572619992,0.04630199987237208,0.06940885907625309,0.13975494050440843,0.10126712475560277,0.06877600715648662,0.05563035997877611,0.02116798909307588
0.028009745572619992,0.04630199987237208,0.06940885907625309,0.13975494050440843,0.10126712475560277,0.06829755242884855,0.05563035997877611,0.02116798909307588
0.029637367107573188,0.03294750096012341,0.06378409707072853,0.1383474739553635,0.09188702341232455,0.06807500406650718,0.05563035997877611,0.020066708776039766
0.05026687451804056,0.042323047286863744,0.06574424851079216,0.14931263298075875,0.0929040878306794,0.07830716642163883,0.05563035997877611,0.020201092784903295
0.051837781036213934,0.042323047286863744,0.06574424851079216,0.14931263298075875,0.0929040878306794,0.07898285558587113,0.05563035997877611,0.027589435465792154
0.051837781036213934,0.042323047286863744,0.05412180107239216,0.1471895363768309,0.09238039773957732,0.07898285558587113,0.05563035997877611,0.022620031589894007
0.051837781036213934,0.03733142412681637,0.0506553250841099,0.1471895363768309,0.09614210105819657,0.07876030722352978,0.05563035997877611,0.0215187512728579
0.051837781036213934,0.03733142412681637,0.05956946603290262,0.14648580310230847,0.09145205038655745,0.07876030722352978,0.05563035997877611,0.026488155148756045
0.03664284010452918,0.02665561216632186,0.04702515786028701,0.1376404540768799,0.0820719490432792,0.07763952133461474,0.05563035997877611,0.024285594514683824
0.03664284010452918,0.02665561216632186,0.04702515786028701,0.14182285718589585,0.0820719490432792,0.07763952133461474,0.07187845951577616,0.02441997852354735
0.03664284010452918,0.025639938087577013,0.04107704107854915,0.13777014822141279,0.06553601252031631,0.07026139535315351,0.07187845951577616,0.030707040887400092
0.03449805187632059,0.025639938087577013,0.033586535061084256,0.13777014822141279,0.06553601252031631,0.07026139535315351,0.07187845951577616,0.02331869820651124
0.03449805187632059,0.03205821291596548,0.04452621806674238,0.1412261548077016,0.06553601252031631,0.07692800105122165,0.07187845951577616,0.025521258840583462
0.03449805187632059,0.033073886994710325,0.04898127758911998,0.13980679147829622,0.06970237310085335,0.07715054941356302,0.07187845951577616,0.03427964985623548
0.036065123383713954,0.03612090923094487,0.06492604058952069,0.1481715976963282,0.06970237310085335,0.0778181945005871,0.10651034031788463,0.05048209213202336
0.036065123383713954,0.03612090923094487,0.08613461462000657,0.14614524321408665,0.06331525649868153,0.07424040569102718,0.10651034031788463,0.06042089988381964
0.03763219489110733,0.040096858312247394,0.08613461462000657,0.14614524321408665,0.06331525649868153,0.07424040569102718,0.10908194827467607,0.07331950120849921
0.03763219489110733,0.03908118423350255,0.08081969361987301,0.14614524321408665,0.06331525649868153,0.07401785732868581,0.10908194827467607,0.07221822089146311
0.03763219489110733,0.03852274447654348,0.08081969361987301,0.1426892366277978,0.06331525649868153,0.03775569235818764,0.10908194827467607,0.07221822089146311
0.03763219489110733,0.04249869355784601,0.08266813863172431,0.14339296990232028,0.06800530717032065,0.03775569235818764,0.10908194827467607,0.07221822089146311
0.03763219489110733,0.043514367636590855,0.08798305963185787,0.14339296990232028,0.06800530717032065,0.03914060678211047,0.10908194827467607,0.07331950120849921
0.03763219489110733,0.043514367636590855,0.08798305963185787,0.14757537301133625,0.06800530717032065,0.03914060678211047,0.12533004781167612,0.07331950120849921
0.03763219489110733,0.03556246947398581,0.08798305963185787,0.15103137959762508,0.06800530717032065,0.04536211575549587,0.12533004781167612,0.07331950120849921
0.03763219489110733,0.03556246947398581,0.08798305963185787,0.14684897648860912,0.06800530717032065,0.04536211575549587,0.10908194827467607,0.07331950120849921
0.03763219489110733,0.03556246947398581,0.08798305963185787,0.17704510285705619,0.07623499705094688,0.044883661027857805,0.11137730206393472,0.07345388521736274
0.03763219489110733,0.03556246947398581,0.08983150464370919,0.11033658393937396,0.05039551594641616,0.051105170001243205,0.07429039541141731,0.07345388521736274
0.037740061238498455,0.0375938176314755,0.1079518526614412,0.10966072673965495,0.05039551594641616,0.051550266725925935,0.07429039541141731,0.07565644585143495
0.030734588241542463,0.036862735107739984,0.10975461240557734,0.0752335905476738,0.036458710975795935,0.040361194915518164,0.07199504162215867,0.07579082986029849
0.030734588241542463,0.03584706102899514,0.10443969140544378,0.0752335905476738,0.036458710975795935,0.0401386465531768,0.07199504162215867,0.07468954954326239
0.029106966706589268,0.03584706102899514,0.10443969140544378,0.07452985727315134,0.03176866030415682,0.0401386465531768,0.07199504162215867,0.07468954954326239
0.033396543163006456,0.03584706102899514,0.11942070344037356,0.07452985727315134,0.03176866030415682,0.04061710128081487,0.07199504162215867,0.07468954954326239
0.033396543163006456,0.03584706102899514,0.11757225842852226,0.07452985727315134,0.03176866030415682,0.04109555600845293,0.07199504162215867,0.07468954954326239
0.03176892162805326,0.03584706102899514,0.11757225842852226,0.07452985727315134,0.03176866030415682,0.04109555600845293,0.07199504162215867,0.07468954954326239
0.011139414217585896,0.026471514702254815,0.11561210698845863,0.06356469824775612,0.03075159588580196,0.030863393653321282,0.07199504162215867,0.07455516553439885
0.009568507699412525,0.026471514702254815,0.12637469294910264,0.06356469824775612,0.03075159588580196,0.030187704489088973,0.07199504162215867,0.07213622672940813
0.009568507699412525,0.026471514702254815,0.12637469294910264,0.06356469824775612,0.03075159588580196,0.030187704489088973,0.07199504162215867,0.07213622672940813
0.009568507699412525,0.02249556562095229,0.12452624793725134,0.06356469824775612,0.02698989256718272,0.030187704489088973,0.07199504162215867,0.07213622672940813
0.009568507699412525,0.02249556562095229,0.11376366197660732,0.06356469824775612,0.02698989256718272,0.030187704489088973,0.07199504162215867,0.06716682285350999
0.011713295927621119,0.02249556562095229,0.12125416799407221,0.06356469824775612,0.03075159588580196,0.030187704489088973,0.07199504162215867,0.06716682285350999
0.01375021780843858,0.026471514702254815,0.1239624744836795,0.062181248942387,0.03127528597690404,0.030187704489088973,0.05618286831384169,0.06716682285350999
0.018039794264855774,0.030447463783557338,0.1497060724792533,0.062181248942387,0.03127528597690404,0.030187704489088973,0.05618286831384169,0.0648822680573828
0.018039794264855774,0.030447463783557338,0.15002267037005543,0.06420760342462853,0.03766240257907586,0.034243948026286976,0.05618286831384169,0.06501665206624634
0.018039794264855774,0.02444016654476512,0.1393928283697883,0.06075159683833971,0.03766240257907586,0.027577342328218842,0.05618286831384169,0.06281409143217412
0.018039794264855774,0.023424492466020273,0.13407790736965472,0.06004786356381726,0.03297235190743674,0.027354793965877477,0.05618286831384169,0.05405570041652209
0.016472722757462404,0.02037747022978573,0.11813314436925403,0.0516830573457853,0.03297235190743674,0.026687148878853383,0.02155098751173323,0.03785325814073421
0.01850964463827987,0.023424492466020273,0.114401180460218,0.052358914545504315,0.03297235190743674,0.027354793965877477,0.02155098751173323,0.031218291340046254
0.016942573130886502,0.020464217463462598,0.11971610146035157,0.053062647820026766,0.03766240257907586,0.027577342328218842,0.018979379554941788,0.01942097033240281
0.016942573130886502,0.020464217463462598,0.11971610146035157,0.053062647820026766,0.03766240257907586,0.027577342328218842,0.018979379554941788,0.01942097033240281
0.021655292685406616,0.020464217463462598,0.11971610146035157,0.056518654406315594,0.03766240257907586,0.035347464066663115,0.018979379554941788,0.01942097033240281
0.021655292685406616,0.016488268382160078,0.12156454647220287,0.05581492113179314,0.03297235190743674,0.035347464066663115,0.019415305783624878,0.019958506367856923
0.023282914220359812,0.015472594303415228,0.1162496254720693,0.05581492113179314,0.03297235190743674,0.033962549642740286,0.019415305783624878,0.018857226050820814
0.02484998572775318,0.023424492466020273,0.11809807048392061,0.05581492113179314,0.03297235190743674,0.033962549642740286,0.02155098751173323,0.03175582737550037
0.02484998572775318,0.023424492466020273,0.11809807048392061,0.053062647820026766,0.03766240257907586,0.027741040669354882,0.02155098751173323,0.03175582737550037
0.02484998572775318,0.027400441547322796,0.11809807048392061,0.053062647820026766,0.03766240257907586,0.027741040669354882,0.02155098751173323,0.03175582737550037
0.02641705723514655,0.027400441547322796,0.11809807048392061,0.02216278817705721,0.0247426620268105,0.027741040669354882,0.021391315450582937,0.044520044691316395
0.02641705723514655,0.027400441547322796,0.1162496254720693,0.018706781590768384,0.0247426620268105,0.02151953169596948,0.021391315450582937,0.044654428700179924
0.02427226900693795,0.029345042471135622,0.09997772246618858,0.018706781590768384,0.0247426620268105,0.021074434971286752,0.021391315450582937,0.042451868066107706
0.02427226900693795,0.03036071654988047,0.10344419845447085,0.018706781590768384,0.0247426620268105,0.021296983333628117,0.021391315450582937,0.043418764374280286
0.02427226900693795,0.03036071654988047,0.10344419845447085,0.02216278817705721,0.0247426620268105,0.027518492307013517,0.021391315450582937,0.043418764374280286
0.02427226900693795,0.029345042471135622,0.09812927745433728,0.021459054902534754,0.020052611355171383,0.028252853399948277,0.021391315450582937,0.04231748405724418
0.01998269255052076,0.029345042471135622,0.0831482654194075,0.024915061488823578,0.020052611355171383,0.03351745291805756,0.021391315450582937,0.04231748405724418
0.01998269255052076,0.033320991552438145,0.0831482654194075,0.024915061488823578,0.020052611355171383,0.03303899819041949,0.021827241679266023,0.04231748405724418
0.021610314085473956,0.04127288971504319,0.0831482654194075,0.024915061488823578,0.020052611355171383,0.03303899819041949,0.021827241679266023,0.042451868066107706
0.021610314085473956,0.04228856379378804,0.08846318641954107,0.024915061488823578,0.020052611355171383,0.033261546552760854,0.021827241679266023,0.043553148383143815
0.023755102313682552,0.04228856379378804,0.08519110647636194,0.024915061488823578,0.020052611355171383,0.033261546552760854,0.021827241679266023,0.0387181285161092
0.02532217382107592,0.04228856379378804,0.08645749803957054,0.03302047941778972,0.04560107776385868,0.047572701791000586,0.023962923407374374,0.05161672984078875
0.02746696204928451,0.04228856379378804,0.09764489408073802,0.03302047941778972,0.04560107776385868,0.048529611246276715,0.023962923407374374,0.05161672984078875
0.02961175027749311,0.04228856379378804,0.10513540009820292,0.03302047941778972,0.04560107776385868,0.048529611246276715,0.023962923407374374,0.05161672984078875
0.02746696204928451,0.04228856379378804,0.10134178410444064,0.03302047941778972,0.04183937444523944,0.048529611246276715,0.023962923407374374,0.05161672984078875
0.02543004016846705,0.03831261471248552,0.09863347761483336,0.030221525614142868,0.041315684354137364,0.048529611246276715,0.02352699717869129,0.05148234583192522
0.02114046371204986,0.03433666563118299,0.07288987961925955,0.030221525614142868,0.041315684354137364,0.048529611246276715,0.02352699717869129,0.04637855794716355
0.03056590282109009,0.03433666563118299,0.07257328172845741,0.02819517113190133,0.03492856775196554,0.04852750269447258,0.02352699717869129,0.04624417393830002
0.03213680933926346,0.03392568804158674,0.07226344072306641,0.02819517113190133,0.03492856775196554,0.049203191858704885,0.02352699717869129,0.04624417393830002
0.03370771585743683,0.03392568804158674,0.07226344072306641,0.02819517113190133,0.03492856775196554,0.05035733575057526,0.02352699717869129,0.04624417393830002
0.03370771585743683,0.03392568804158674,0.07226344072306641,0.02819517113190133,0.03492856775196554,0.05035733575057526,0.02352699717869129,0.04624417393830002
0.031670793976619364,0.030878665805352198,0.05447023271081441,0.028223047206704772,0.03961861842360466,0.05016814539118923,0.02352699717869129,0.04307471699605522
0.031670793976619364,0.030878665805352198,0.05447023271081441,0.03097532051847114,0.03492856775196554,0.05638965436457463,0.02352699717869129,0.04307471699605522
0.031670793976619364,0.030878665805352198,0.05447023271081441,0.06187518016144071,0.047848308304230903,0.056868109092212696,0.025822350967949936,0.04307471699605522
0.026958074422099257,0.031894339884097046,0.059785153710947975,0.06187518016144071,0.047848308304230903,0.055063589961857125,0.025822350967949936,0.04417599731309133
0.026958074422099257,0.031894339884097046,0.056088263687245364,0.06187518016144071,0.07041852821594634,0.055063589961857125,0.025386424739266847,0.043638461277637215
0.026958074422099257,0.031894339884097046,0.056088263687245364,0.06187518016144071,0.07041852821594634,0.055063589961857125,0.025386424739266847,0.058415146639414925
0.02539100291470589,0.031894339884097046,0.05423981867539406,0.05839651032694719,0.07510857888758546,0.055063589961857125,0.00700264347415844,0.045516545314735375
0.02539100291470589,0.031894339884097046,0.05423981867539406,0.05769277705242474,0.07041852821594634,0.055063589961857125,0.00700264347415844,0.045516545314735375
0.026961909432879263,0.031894339884097046,0.05423981867539406,0.05769277705242474,0.07041852821594634,0.05573927912608944,0.00700264347415844,0.045650929323598904
0.03182920261011168,0.031894339884097046,0.07671133672778872,0.06187518016144071,0.07041852821594634,0.05573927912608944,0.02111506128305014,0.03275232799891935
0.03182920261011168,0.04382218712800461,0.0775711982055447,0.06399827676536854,0.07094221830704842,0.05573927912608944,0.02111506128305014,0.03261794399005582
0.03340010912828505,0.039846238046702086,0.0757227531936934,0.06124600345360218,0.07563226897868754,0.05019345931693635,0.02111506128305014,0.03275232799891935
0.03340010912828505,0.03883056396795724,0.07040783219355982,0.06124600345360218,0.07563226897868754,0.04997091095459499,0.02111506128305014,0.03178543169074676
0.03340010912828505,0.03883056396795724,0.07072443008436198,0.05981635134955488,0.08201938558085936,0.04732719079076952,0.02111506128305014,0.03178543169074676
0.03340010912828505,0.03883056396795724,0.07072443008436198,0.05981635134955488,0.08201938558085936,0.04637028133549339,0.02111506128305014,0.03191981569961029
0.03340010912828505,0.03883056396795724,0.07072443008436198,0.05636034476326606,0.08201938558085936,0.04014877236210799,0.02111506128305014,0.03191981569961029
0.03340010912828505,0.03485461488665472,0.07072443008436198,0.05636034476326606,0.08201938558085936,0.04014877236210799,0.02111506128305014,0.03191981569961029
0.03177248759333186,0.026902716724049678,0.07072443008436198,0.05636034476326606,0.08201938558085936,0.04014877236210799,0.02111506128305014,0.03178543169074676
0.033809409474149316,0.029862991726607353,0.0654095090842284,0.057036201962985075,0.08201938558085936,0.03992622399976662,0.02111506128305014,0.030684151373710652
0.03166462124594072,0.029862991726607353,0.05791900306676352,0.05773993523750753,0.08670943625249848,0.03992622399976662,0.02111506128305014,0.030549767364847127
0.030097549738547353,0.029862991726607353,0.056652611503554925,0.051745717132108744,0.07523112185872853,0.025615068761526884,0.018979379554941788,0.017651166040167574
0.02795276151033876,0.029862991726607353,0.04546521546238743,0.051745717132108744,0.07523112185872853,0.02465815930625076,0.018979379554941788,0.02503950872105643
0.029002666324476727,0.029862991726607353,0.03797470944492254,0.051745717132108744,0.07523112185872853,0.02465815930625076,0.02111506128305014,0.037938110045735975
0.04262670073798809,0.03850745552961217,0.0361922855935684,0.05988733288301486,0.07992117253036765,0.02465815930625076,0.02111506128305014,0.037938110045735975
0.04477148896619669,0.04155447776584671,0.05962755461143399,0.05988733288301486,0.07992117253036765,0.025325804393274857,0.02111506128305014,0.04124195099684431
0.04691627719440528,0.04155447776584671,0.08864323255018693,0.05988733288301486,0.07992117253036765,0.02580425912091292,0.02111506128305014,0.05131514275750412
0.03952775996618252,0.04155447776584671,0.08864323255018693,0.12306664264319549,0.1104507043065375,0.02175012413551906,0.02570576886156744,0.05131514275750412
0.03795685344800914,0.04155447776584671,0.08864323255018693,0.12724904575221146,0.1104507043065375,0.021074434971286752,0.041953868398567504,0.05131514275750412
0.03638594692983577,0.046546100925894084,0.0939581535503205,0.12724904575221146,0.1104507043065375,0.020142839441757744,0.041953868398567504,0.05241642307454023
0.03638594692983577,0.046546100925894084,0.0939581535503205,0.12724904575221146,0.11421240762515673,0.020142839441757744,0.042389794627250586,0.05241642307454023
0.03638594692983577,0.046546100925894084,0.0939581535503205,0.12654531247768902,0.10952235695351761,0.01966438471411968,0.042389794627250586,0.0522820390656767
0.03795685344800914,0.04553042684714924,0.08864323255018693,0.12308930589140017,0.10952235695351761,0.01437447127026328,0.042389794627250586,0.051180758748640594
0.041212096517915534,0.045941404436745485,0.08895307355557791,0.0921894462484306,0.09660261640125226,0.025942739283561188,0.040530367066675024,0.051180758748640594
0.041212096517915534,0.04890167943930315,0.08363815255544435,0.08873343966214178,0.09660261640125226,0.019498681947834422,0.040530367066675024,0.050079478431604485
0.041212096517915534,0.04890167943930315,0.08548659756729565,0.08873343966214178,0.07403239648953683,0.019498681947834422,0.040530367066675024,0.050079478431604485
0.04172926321117093,0.04890167943930315,0.09297710358476054,0.08873343966214178,0.07403239648953683,0.019498681947834422,0.040530367066675024,0.035437177078690305
0.04823974935098372,0.04492573035800063,0.09297710358476054,0.08873343966214178,0.07403239648953683,0.019498681947834422,0.040530367066675024,0.035437177078690305
0.04823974935098372,0.045941404436745485,0.10905461054553812,0.08873343966214178,0.07403239648953683,0.019721230310175787,0.040530367066675024,0.041507861271624556
0.046668842832810344,0.041965455355442965,0.10905461054553812,0.08943717293666424,0.07872244716117595,0.01904554114594348,0.040530367066675024,0.04137347726276103
0.04186209968313775,0.041965455355442965,0.08658309249314346,0.08525476982764826,0.07872244716117595,0.01904554114594348,0.024282267529674967,0.041507861271624556
0.04186209968313775,0.03401355719283792,0.08603982890618964,0.08516501527905797,0.08842115589840993,0.022623329955503414,0.02922548826547067,0.04809977796026678
0.04029119316496437,0.034424534782434166,0.09711225587222465,0.08446128200453551,0.08373110522677081,0.0219476407912711,0.02922548826547067,0.05293479782730139
0.04029119316496437,0.034424534782434166,0.09711225587222465,0.08446128200453551,0.08373110522677081,0.0219476407912711,0.029661414494153757,0.052800413818437864
0.04029119316496437,0.034424534782434166,0.10755824394206652,0.08243492752229398,0.08110569194321823,0.019053763315654566,0.029661414494153757,0.057904201703199536
0.04243598139317297,0.034424534782434166,0.1150487499595314,0.08243492752229398,0.08110569194321823,0.019053763315654566,0.029661414494153757,0.057769817694336006
0.044063602928126167,0.034424534782434166,0.1150487499595314,0.0858909341085828,0.08110569194321823,0.02527527228903997,0.029661414494153757,0.057769817694336006
0.044063602928126167,0.034424534782434166,0.1150487499595314,0.0858909341085828,0.08110569194321823,0.02527527228903997,0.02922548826547067,0.057769817694336006
0.056792721057782464,0.036658293810270415,0.12285585386779845,0.08997273626478482,0.09218285921702918,0.15092950399760316,0.02922548826547067,0.057769817694336006
0.05632287068435837,0.03268234472896789,0.12317245175860059,0.09202696682182979,0.10326002649084012,0.1545072928071631,0.03136116999357902,0.07080280302787909
0.06994690509786974,0.03735085945067018,0.12508691793094906,0.09876111602369102,0.098569975819201,0.1545072928071631,0.03136116999357902,0.07080280302787909
0.06994690509786974,0.03836653352941503,0.13040183893108262,0.09664991620012366,0.08449982380428364,0.15520829589714252,0.03136116999357902,0.0719040833449152
0.06994690509786974,0.03938220760815987,0.13571675993121618,0.09664991620012366,0.08449982380428364,0.1554308442594839,0.03136116999357902,0.06561702098106247
0.07646697108618641,0.03938220760815987,0.1464793458918602,0.09935334499899971,0.08449982380428364,0.1554308442594839,0.04554197628456904,0.13371930066525192
0.08054081484782133,0.03540625852685735,0.1464793458918602,0.10000132612391528,0.07980977313264452,0.1554308442594839,0.04554197628456904,0.13371930066525192
0.07839602661961273,0.03633518537192533,0.12304407687399463,0.10000132612391528,0.07980977313264452,0.15476319917245981,0.04554197628456904,0.1305498437230071
0.07625123839140413,0.036893625128884396,0.09402839893524169,0.10070505939843774,0.08449982380428364,0.18480385516957257,0.04554197628456904,0.12074541998007433
0.07421431651058667,0.03892497328637409,0.10465824093550884,0.038229482912779576,0.05866034269975291,0.18524895189425528,0.040951268706051744,0.12294798061414657
0.07421431651058667,0.03892497328637409,0.10743852813546441,0.0340470798037636,0.06543127396033038,0.18524895189425528,0.02470316916905169,0.13001274587614498
0.07421431651058667,0.034344327715922975,0.10553033323147955,0.03607343428600514,0.07858932182307968,0.18860419234147383,0.02470316916905169,0.13584184681224373
0.07635910473879527,0.034344327715922975,0.11302083924894445,0.04025583739502111,0.07482761850446044,0.18860419234147383,0.040515342477368654,0.13584184681224373
0.08279346942342106,0.034344327715922975,0.1354923573013391,0.04095957066954356,0.07951766917609955,0.18860419234147383,0.040515342477368654,0.13584184681224373
0.08650916416980302,0.06217597128504061,0.142982863318804,0.04095957066954356,0.07951766917609955,0.18880142677806808,0.040515342477368654,0.13584184681224373
0.08539870932810523,0.061764993695444366,0.15016352833087787,0.04095957066954356,0.07951766917609955,0.17675470403713212,0.04007941624868557,0.13584184681224373
0.0869696158462786,0.0588047186928867,0.15547844933101146,0.04095957066954356,0.07951766917609955,0.17765294156370579,0.04007941624868557,0.13694312712927986
0.0939750888432346,0.05953580121662221,0.1536756895868753,0.059663849086386826,0.09981063379814469,0.22403793836343122,0.04007941624868557,0.1370775111381434
0.091830300615026,0.05953580121662221,0.14618518356941043,0.059663849086386826,0.09981063379814469,0.23608466110436718,0.04007941624868557,0.13694312712927986
0.08531981447521322,0.05555985213531969,0.14618518356941043,0.058960115811864375,0.09512058312650558,0.23608466110436718,0.04007941624868557,0.13694312712927986
0.08531981447521322,0.05454417805657485,0.13010767660863284,0.15165969474077307,0.13387980478330166,0.23586211274202581,0.04696547761646152,0.1308724429363456
0.08531981447521322,0.05555985213531969,0.1677103554906985,0.15786797463882826,0.12918975411166253,0.24852767905113798,0.04696547761646152,0.14688193488107615
0.08369219294026004,0.05555985213531969,0.1677103554906985,0.15786797463882826,0.12918975411166253,0.24852767905113798,0.04696547761646152,0.1467475508722126
0.08369219294026004,0.05158390305401717,0.16739375759989633,0.15583463258349076,0.11896735528332648,0.24542834496921614,0.04202225688066581,0.1401556341835704
0.08369219294026004,0.05514887454572344,0.1563213306338613,0.1592906391697796,0.11896735528332648,0.2516498539426016,0.04202225688066581,0.13518623030767224
0.08369219294026004,0.05514887454572344,0.1563213306338613,0.1592906391697796,0.11896735528332648,0.2516498539426016,0.04158633065198272,0.13518623030767224
0.08369219294026004,0.05514887454572344,0.14555874467321728,0.1627466457560684,0.11520565196470725,0.25718745158204354,0.04158633065198272,0.1300824424229106
0.08154740471205144,0.05514887454572344,0.13806823865575238,0.1627466457560684,0.11520565196470725,0.25718745158204354,0.04158633065198272,0.1300824424229106
0.09354381759060959,0.05981738926742573,0.13998270482810085,0.1674322549206857,0.11989570263634637,0.2509659426086582,0.04158633065198272,0.1300824424229106
0.09354381759060959,0.05981738926742573,0.13998270482810085,0.1674322549206857,0.11989570263634637,0.2509659426086582,0.04158633065198272,0.1300824424229106
0.0808146994609533,0.05758363023958949,0.13217560091983382,0.16335045276448368,0.10881853536253543,0.125311710900095,0.04158633065198272,0.1300824424229106
0.07924762795355993,0.05758363023958949,0.13185900302903167,0.16132409828224215,0.1024314187603636,0.12173392209053505,0.03945064892387437,0.1170494570893675
0.06766051542086603,0.0529151155178872,0.12994453685668322,0.15526580628009992,0.10712146943200272,0.12221237681817311,0.03945064892387437,0.1170494570893675
0.06766051542086603,0.05189944143914235,0.12462961585654965,0.15526580628009992,0.10712146943200272,0.12151137372819368,0.03945064892387437,0.11594817677233138
0.06766051542086603,0.05485971644170003,0.11931469485641608,0.15526580628009992,0.10712146943200272,0.12128882536585231,0.03945064892387437,0.11484689645529526
0.057945756390202816,0.05883566552300253,0.10855210889577205,0.1560183840675127,0.10712146943200272,0.12751033433923772,0.023134160904775998,0.03384601544642627
0.040247878215056515,0.05581106115968524,0.10787700674498756,0.1486362537407359,0.11650157077528095,0.12751033433923772,0.023134160904775998,0.03384601544642627
0.040247878215056515,0.05224608966797898,0.10818684775037854,0.1528186568497519,0.11650157077528095,0.12751033433923772,0.03938226044177606,0.03384601544642627
