401,402,403,404,405,406,407,408,409
0.006079391472313295,0.006286240150513108,0.06160768027629146,0.01683861097124647,0.00664217811915344,0.02146229084970712,0.034436894454401866,0.00720984087534008,0.03587632876728507
0.011943132121449592,0.006286240150513108,0.06160768027629146,0.018515896067238035,0.009488169202332721,0.02260463386605672,0.034436894454401866,0.00720984087534008,0.04075293461234642
0.011943132121449592,0.006286240150513108,0.06257824573595695,0.02956768477731696,0.01228893188448189,0.02260463386605672,0.04266459724093293,0.016302839863371887,0.04858586669134162
0.01397065646926797,0.009429360225769661,0.06257824573595695,0.032147246265070324,0.01888588160260522,0.02323619904801973,0.04266459724093293,0.016302839863371887,0.04858586669134162
0.026490188206319116,0.017758358677680806,0.07313762053472166,0.03855130779340247,0.021686644284754388,0.02323619904801973,0.05353252487787717,0.021629522626020237,0.05355612795695869
0.03031703911112678,0.025256709145825076,0.08322944517348758,0.049746411863913965,0.026673819152759945,0.03435566688173854,0.05669275539426303,0.022979795123902958,0.08727469280280623
0.03482318518563973,0.025256709145825076,0.09537281113974415,0.06639741446778136,0.03166099402076551,0.03506714796395132,0.0593329802446762,0.022979795123902958,0.11184816514957019
0.036454684314068835,0.03395226788190123,0.10390632991937401,0.0674382604563613,0.03974957501830223,0.03712182234701796,0.06594266498121786,0.022979795123902958,0.11184816514957019
0.03809703892225469,0.040238508032414334,0.10751617710600073,0.07775323035931092,0.04259556610148151,0.037967411710814816,0.08239807055427999,0.03363316064919967,0.11968109722856538
0.04136003717911289,0.05137427807064263,0.10954203312513555,0.07879407634789087,0.06050745957415661,0.04166188601060999,0.08797035221362362,0.03498343314708239,0.12455770307362672
0.04355131318777597,0.05254410907776182,0.11558214572563182,0.07953487073055784,0.08259681864876328,0.04803413033215036,0.11852183307033111,0.04031011590973074,0.12967702905889764
0.04355131318777597,0.05458686737915987,0.1236481143452629,0.0808100579385137,0.08824357241409173,0.05335419170671901,0.1283069446000329,0.045636798672379096,0.13671453110574228
0.04627845032053662,0.06251004810887092,0.1236481143452629,0.08737679828213309,0.10879982849052142,0.05694319229803703,0.1408013493683784,0.04887022928295354,0.14159113695080364
0.04667447553992589,0.06565316818412749,0.12461867980492838,0.08995635976988646,0.11449181065687998,0.05694319229803703,0.15048095574550072,0.04887022928295354,0.14159113695080364
0.048166138763646706,0.07073849727286832,0.12461867980492838,0.09830978910474815,0.12906343406102871,0.06013693282844908,0.16693636131856285,0.05952359480825025,0.14159113695080364
0.049261776767978244,0.07073849727286832,0.12461867980492838,0.09830978910474815,0.13868511805674238,0.06066302430193493,0.16693636131856285,0.05952359480825025,0.14159113695080364
0.049261776767978244,0.07073849727286832,0.1255892452645939,0.09830978910474815,0.14153110913992167,0.06294771033463413,0.17385848442756474,0.05952359480825025,0.15134434864092633
0.06002001480240184,0.07190832827998751,0.13412276404422374,0.09841183538687089,0.15291967024784417,0.06484240588052315,0.17810153105119306,0.06087386730613297,0.15134434864092633
0.06002001480240184,0.07472346458775064,0.14218873266385484,0.12057046603976454,0.15291967024784417,0.07130481027144141,0.20434204815395698,0.08154505061937742,0.16039578571945423
0.06002001480240184,0.07549584259411574,0.13614862006335857,0.11982967165709757,0.15861165241420272,0.06611885717845682,0.20278463941078625,0.08154505061937742,0.16616147701722184
0.06002001480240184,0.07549584259411574,0.13711918552302405,0.1245016765324639,0.15861165241420272,0.06742902578132742,0.23197437672477708,0.0882220058799085,0.16616147701722184
0.06269823992436196,0.07753860089551377,0.14275488872878558,0.1296575234599068,0.16179278677018766,0.06827461514512428,0.23197437672477708,0.0882220058799085,0.16616147701722184
0.06269823992436196,0.07870843190263298,0.14275488872878558,0.1296575234599068,0.16179278677018766,0.06854283170829244,0.23197437672477708,0.0882220058799085,0.16710597176902622
0.06582140227651188,0.08185155197788953,0.14275488872878558,0.13223708494766018,0.17521065780187553,0.0697004883637413,0.23889649983377897,0.0882220058799085,0.16710597176902622
0.07208116814503744,0.09408768378997633,0.1437254541884511,0.1469482412192496,0.18733621771462292,0.07327417531596005,0.2444687814931226,0.08957227837779122,0.20709041575830558
0.07475939326699758,0.10201086451968738,0.16783226952291233,0.1578779559938008,0.19339741672863558,0.07794230637461859,0.2484382413792511,0.08957227837779122,0.20803491051011
0.08462099382064357,0.10729177623765358,0.18929980313041234,0.17440633701639968,0.19339741672863558,0.09095167887243664,0.2500410631524662,0.0937305277882816,0.21932435666870317
0.0974441131232477,0.11521495696736464,0.20742014093190111,0.18254566359259233,0.21367376339788172,0.11064303388203194,0.2807546982726417,0.09905721055092996,0.23883304666640304
0.098294417292655,0.11521495696736464,0.23152695626636235,0.1923735153954016,0.21367376339788172,0.11253057528553125,0.2889824010591728,0.10438389331357832,0.23883304666640304
0.0958740492965892,0.1120718368921081,0.19150358543035878,0.18947445725326398,0.22060585638881067,0.10760834422415971,0.2701310735012718,0.10385100769876932,0.22889252413516892
0.09384652494877083,0.11214130612536878,0.1935294414494936,0.1822228908901443,0.21680966935283652,0.10338192440662691,0.27705319661027367,0.10385100769876932,0.21416905117942914
0.09384652494877083,0.11418406442676682,0.19555529746862843,0.1843045828673042,0.2225016515191951,0.10567156381337989,0.29420239438483364,0.10385100769876932,0.20929244533436778
0.10557400624704341,0.11495644243313191,0.20311825078859283,0.18475664892361854,0.22711644765482444,0.1083392128703061,0.28861491644871573,0.09664116682342924,0.2043221840687507
0.10740192719959624,0.12287962316284297,0.20311825078859283,0.190282543278658,0.23145407001741714,0.10962821378982565,0.29258437633484424,0.09852432493612095,0.20787235356890443
0.09527842068193437,0.1263893035222645,0.201092394769458,0.1864580432380792,0.2357916923800098,0.11105132299092928,0.30478153900750377,0.10385100769876932,0.20290209230328737
0.0914515697771267,0.1268141337838313,0.19197113559035756,0.1773446311447276,0.23794290255674608,0.10122085607673002,0.30559076837724647,0.1025007352008866,0.17107251696104867
0.0896236488245739,0.1268141337838313,0.18343761681072768,0.16689032145688307,0.24182884421108403,0.10236319909307962,0.3098726666358352,0.1025007352008866,0.15137565045934603
0.08799214969614479,0.11889095305412024,0.18094421063159408,0.17646650466923616,0.2337402632135473,0.10667053812428409,0.30482039064246413,0.1025007352008866,0.1605207429584296
0.08798129421638803,0.11260471290360714,0.1773343634449674,0.16823322674344637,0.24033721293167065,0.10759885695879982,0.288364985069402,0.09184736967558987,0.15756441672449578
0.0909780618280554,0.11253524367034645,0.18134862002632882,0.17114917573269844,0.23554560154187149,0.11064755323467695,0.2883195720393576,0.09049709717770717,0.15972531292627906
0.08878678581939232,0.1134081709646253,0.1773343634449674,0.2173185797436167,0.2244705427744346,0.10659371225077273,0.2577680911826502,0.09078636824027414,0.1861636555850724
0.09151392295215297,0.13042436343116662,0.17982776962410096,0.21604339253566085,0.2436724390470984,0.10500930937069201,0.25856212427561853,0.08545968547762577,0.17912615353822775
0.09473058789764086,0.12778209441942176,0.18343761681072768,0.21463249911948437,0.2327378669663824,0.11452491081654112,0.2542954222938041,0.0875529376296997,0.18276997845893722
0.11005990388103384,0.12991988606213142,0.18440818227039318,0.22409118522341315,0.23166068093565323,0.13033604065286944,0.25976564181221473,0.09476277850503978,0.19261684556961564
0.1164309112587042,0.13539819356208474,0.19044829487088943,0.2165805965533412,0.22702820525839548,0.14297779792474455,0.265292510441514,0.09476277850503978,0.2163917556038833
0.1195254792152906,0.13803864942106783,0.19044829487088943,0.21762144254192115,0.23949588033728847,0.15057974715531425,0.265292510441514,0.09476277850503978,0.22126836144894466
0.12403480686094537,0.14118176949632438,0.21358454474568517,0.23002885583248373,0.2442422633260575,0.15258807590638998,0.25837038733251205,0.09476277850503978,0.21925442641726142
0.11888153447650805,0.15107823929417274,0.21719439193231188,0.24447693180124547,0.25897495038298896,0.1605827156796739,0.2709641001109835,0.09341250600715706,0.22211709723063952
0.12657319607819717,0.15618628371612073,0.20912842331268078,0.22242034743047456,0.26929446978371574,0.15554342048985928,0.2651484484674102,0.08339468821920931,0.21306566015211165
0.13293076229164177,0.16009711987013678,0.2111542793318156,0.2281942152775829,0.28827733290382784,0.16593380612493158,0.2651484484674102,0.08339468821920931,0.20598780843425565
0.1340264002959733,0.16009711987013678,0.21018371387215012,0.22456305639079654,0.3007450079827208,0.16514972899554686,0.2524141167264815,0.08737109848397495,0.20598780843425565
0.13721191582314948,0.15805436156873875,0.20454801066638859,0.22055010173405634,0.29756387362673586,0.16430413963175,0.2524141167264815,0.08737109848397495,0.2109580696998727
0.1400897443403752,0.1600276506368761,0.21516853591317706,0.23922420376232537,0.3042060517458893,0.17301743404496242,0.2621992282561833,0.09458093935931501,0.21906501202659617
0.14283032263736156,0.15688453056161955,0.21516853591317706,0.24798543377568047,0.2907881807142015,0.17431228900873377,0.2552771051471814,0.09646409747200674,0.22680428868503566
0.13696658198822526,0.14779151882478925,0.21516853591317706,0.2478833874935577,0.2836497956694596,0.1708727103380991,0.2497048234878378,0.09511382497412402,0.20947514098094655
0.13428835686626514,0.13986833809507823,0.19710183317921207,0.23769446710167347,0.27758859665544694,0.1748225147955277,0.2657475497969692,0.10044050773677238,0.21767573872822574
0.12442675631261914,0.13458742637711202,0.17563429957171206,0.22116608607907462,0.2803893593375961,0.16194725057929368,0.26414472802375405,0.096282258326282,0.21421922464862772
0.11686556521912807,0.13398406247346348,0.15751396177022328,0.21855265385792141,0.29105146893873624,0.15878161454246484,0.2334310929035785,0.093667295766267,0.20169473094822818
0.12127718925883381,0.13739689633881166,0.14194066521539192,0.20976564804369213,0.3014898340938639,0.16409071824362578,0.22784361496746058,0.08834061300361866,0.20524490044838192
0.1196456901304047,0.13739689633881166,0.14097009975572644,0.20923125521840324,0.2945125127019047,0.16446738779642833,0.23446849598077651,0.09231702326838429,0.21509176755906032
0.1273373517320938,0.13418430703029444,0.12437061235646545,0.21904681680570354,0.2994996875699103,0.1594155429850278,0.2167238582648748,0.08834061300361866,0.23262773785897964
0.1269319611161943,0.14270518531759055,0.12234475633733062,0.22574214942039658,0.30721860454189964,0.16497998442049164,0.20354412037644332,0.08834061300361866,0.26915566776866096
0.11520447981792169,0.14387501632470975,0.11381123755770076,0.21423829465400332,0.3029841800801061,0.1625805519267336,0.21073442008577634,0.093134410151458,0.26629299695528286
0.11174505973693978,0.13595183559499868,0.14034831830603156,0.2099875875069197,0.29489559908256935,0.1681306249509348,0.20832236894281858,0.09125125203876627,0.2766708703787183
0.1247080149442522,0.1399595182430881,0.14034831830603156,0.20814651140870072,0.3029841800801061,0.1710594257871829,0.19583642325588496,0.08059788651346957,0.2815474762237797
0.12595434433304878,0.14310263831834466,0.14298760003299277,0.2138002278467371,0.3001381889969268,0.17177090686939567,0.19583642325588496,0.08059788651346957,0.27965848672017085
0.12727397911559835,0.1563067307660219,0.13937775284636605,0.21391179560311147,0.3001270341707451,0.18574076222874752,0.2011114628195426,0.08592456927611793,0.2747818808751095
0.13313771976473462,0.15757711106105485,0.16536454865213454,0.2192887545994884,0.3001270341707451,0.17951285709606046,0.20219427892678504,0.08873254618872559,0.2656367883760259
0.13435545475796767,0.16098994492640303,0.18947136398659575,0.22340375553835135,0.29068409336944245,0.1843839447206949,0.20219427892678504,0.08873254618872559,0.2657304437965816
0.13049064406108624,0.1564795980620402,0.19044192944626123,0.22276731643093972,0.2804098023697458,0.189902584995091,0.1998276408138717,0.0900828186866083,0.26774437882826485
0.1317369734498828,0.16550314056560972,0.19202592061375312,0.1835925264525507,0.2736878960241386,0.19200345797347046,0.20379710070000018,0.08446686486139297,0.24593992187432331
0.12900983631712218,0.14721656780403553,0.18146654581498844,0.19088061613036583,0.25164000866829556,0.18944385980026904,0.19321795607733003,0.08446686486139297,0.24593992187432331
0.12669646331955758,0.14661887024645046,0.17988255464749656,0.19125066355796239,0.2570627908381828,0.1829043376857992,0.18499025329079896,0.08102334021143634,0.23741949110855254
0.11460155119745927,0.14514824539458654,0.18398153632866185,0.1799532103489472,0.2562441817385276,0.17884424086515266,0.1713978361384367,0.07381349933609624,0.23174745523134063
0.1067388805960681,0.1366273671072904,0.20143481335480046,0.18949522542347008,0.24948616836762147,0.16764554973813775,0.15633768504507728,0.06316013381079955,0.2177257568871957
0.11404177431722529,0.15715694272709368,0.20346066937393528,0.20063855423651844,0.24900737652337285,0.18006351193198927,0.17250430760386531,0.0684868165734479,0.22136958180790514
0.11153137662382533,0.16494371872577362,0.2018766782064434,0.18927198693453576,0.2941342922874645,0.19921981660881138,0.18218391398098763,0.07014394075333118,0.22844743352576113
0.1174449234803358,0.1576877047869083,0.21023028038802138,0.18053676182972023,0.27085903520578986,0.19644005635165918,0.18180256015195,0.08079730627862788,0.225584762712383
0.1174449234803358,0.15885753579402748,0.21217141130735234,0.18735147566540852,0.2666007148190757,0.1989735971270013,0.16534715457888788,0.07014394075333118,0.225584762712383
0.11654570730012798,0.15681477749262945,0.2316130888957175,0.18261845380688013,0.24890319092456414,0.19629063443097583,0.17226927768788977,0.07014394075333118,0.23046136855744437
0.11908049837648038,0.15945523335161255,0.2316130888957175,0.18261845380688013,0.2458784566469738,0.2024637311617713,0.17532400305169615,0.06616753048856555,0.2342685341226269
0.11321675772734409,0.1622703696593757,0.23460951037451783,0.18908314786837677,0.2487244477301531,0.2048825254760546,0.18224612616069805,0.06805068860125728,0.23905148454713257
0.11306606634287904,0.1591272495841191,0.22495955058739484,0.1855353604033186,0.26651444094985727,0.199377074492759,0.17246101463099628,0.0608408477259172,0.25945012566042996
0.10829796369807428,0.1591272495841191,0.22495955058739484,0.1752354148907901,0.28500924146791445,0.19859299736337424,0.17938313773999814,0.05895768961322547,0.25658745484705187
0.11576460908007614,0.16859052439895478,0.23454835992649406,0.16176919717202606,0.2928524338110093,0.20568140474204397,0.1859928224765398,0.05895768961322547,0.2417650906408568
0.117763539032331,0.17123098025793787,0.2430818787061239,0.16858391100771433,0.29746722994663866,0.21085058611660182,0.17017826987486387,0.05363100685057711,0.23679482937523977
0.11939503816076011,0.17123098025793787,0.25258596294541924,0.16911830383300322,0.30130864538364294,0.21134804301698074,0.17281849472527702,0.05363100685057711,0.23487665331366606
0.11999685060078334,0.17661425441657957,0.26314533774418397,0.1702611961037059,0.30679132499354045,0.2090064895365267,0.18965525412737674,0.05363100685057711,0.23085088679985338
0.11712987756331442,0.17898499648547103,0.25655294988388505,0.17284075759145928,0.302334856876547,0.20888570218895028,0.19393715238596546,0.05363100685057711,0.232177323144761
0.11952483273495854,0.20265769218053087,0.2671123246826497,0.17178916019242624,0.31945761804920997,0.21622115844743708,0.1962885942221046,0.048304324087928764,0.23456439694448017
0.11383210108552426,0.20529814803951396,0.30218292421061044,0.17763430599362565,0.31945761804920997,0.22952492133720798,0.20856301241959566,0.04695405159004604,0.24361583402300804
0.1083737510522875,0.20265769218053087,0.30218292421061044,0.1765240060565138,0.3106742561452302,0.22430372732231826,0.21548513552859755,0.04695405159004604,0.20708790411332675
0.11040127540010587,0.20385860324230315,0.30218292421061044,0.17910356754426715,0.31128930882521944,0.2246670759411131,0.20565461096885135,0.04027709632951496,0.2120581653789438
0.1116367493091457,0.20305514518128498,0.2841793622419095,0.1799208237239243,0.31784103014231263,0.21913817060026294,0.20673742707609377,0.04027709632951496,0.19813012245535458
0.09867379410183329,0.19944491553394966,0.2756458434622796,0.1880701604945405,0.3143220168793752,0.218742910539357,0.2001277423395521,0.04027709632951496,0.19325351661029322
0.09937340688677555,0.19159120403749924,0.28620521826104434,0.18602499183207602,0.3284791950348397,0.21798000109332327,0.23055006268549397,0.04560377909216332,0.19325351661029322
0.09700704611069497,0.18631029231953306,0.30077884964117046,0.19200526123656245,0.3372253214792489,0.21574048196007822,0.23474769627907788,0.04560377909216332,0.20516762450219925
0.09238963485035526,0.18858048510051073,0.2723617884215325,0.19577622995616206,0.3422124963472544,0.21645196304229097,0.2321074714286647,0.042795802179555656,0.22782292078738947
0.0928033989855513,0.19386320997123874,0.2628286044671974,0.19189557023667503,0.3569432554639446,0.21767915987735822,0.24850226769490813,0.04812248494220401,0.22702749075523893
0.09080446903329645,0.19045037610589055,0.2567884918667011,0.19692864370111637,0.35586606943321547,0.20808499808421602,0.24534203717852227,0.04677221244432129,0.21797605367671105
0.08955813964449988,0.1793840753009229,0.2541492101397399,0.19496710313302845,0.3590344626904615,0.20646747910671068,0.24137257729239378,0.04677221244432129,0.2131931032522054
0.09155706959675473,0.21294487607238516,0.2541492101397399,0.18871985944379327,0.3822763923769061,0.2163809372042366,0.25725041683690775,0.04677221244432129,0.2131931032522054
0.09542188029363617,0.21618484264171509,0.2606568729002349,0.1843368573594565,0.38168277592081173,0.21173642338302193,0.26546292334666455,0.04623932682951229,0.2160557740655835
0.09288708921728377,0.21237455577561282,0.2546167602997386,0.18359606297678954,0.3903090355627004,0.20051148184082596,0.2639055146034938,0.04623932682951229,0.21188094283211698
0.09719681346767299,0.21110417548057986,0.2347332178597305,0.18414092201202814,0.395538884378319,0.1998853704866557,0.2721332173900249,0.05156600959216064,0.20709799240761134
0.0857037137855979,0.1879341440017935,0.23270736184059565,0.17249114003568877,0.37962029931431956,0.1793393675887486,0.257569416604452,0.047589599327395,0.19857756164184054
0.08618658713117947,0.17700424792785702,0.21476495031991855,0.17660614097455174,0.3363891786806123,0.15723309439232738,0.25481193333633156,0.045932475147511725,0.18376043326554506
0.07466807462468268,0.17319396106175472,0.21133501973134378,0.1707912438284827,0.33354318759743307,0.1501235193303066,0.2436369774640958,0.035279109622215025,0.19159336534454025
0.06807205102732511,0.17202413005463552,0.21792740759164264,0.16387448371067168,0.3477583352526666,0.14798196174686626,0.24627720231450898,0.035279109622215025,0.19159336534454025
0.06461263094634317,0.17202413005463552,0.20499339276377251,0.17770354182786388,0.35530088414837935,0.1497025172074763,0.24199530405592026,0.037162267734906745,0.18873069453116215
0.06498006177016892,0.17543696391998373,0.21352691154340236,0.1787443878164438,0.34585794334707676,0.15601270150101304,0.2402752238649979,0.035811995237024025,0.18980013481104094
0.06668067010898353,0.18131738634829675,0.23232381581798156,0.18686129459716358,0.3529963283918186,0.162667883684946,0.24152019423570836,0.0339288371243323,0.18422175435438476
0.06480383714563019,0.18131738634829675,0.24349661632457265,0.1768908269613956,0.3313649197351101,0.16461173849511004,0.2543874937516796,0.0339288371243323,0.15964828200762082
0.06495452853009523,0.18993481033074355,0.27874713245058524,0.18899818864604526,0.3595622836139287,0.18639026020527166,0.265171156723619,0.040912644066863936,0.15894650739602598
0.058187495933035634,0.17732841544065134,0.29475887945037565,0.1878552963753426,0.35919959148172126,0.18211263033278702,0.2664821465383169,0.040912644066863936,0.1608667870071535
0.058187495933035634,0.18054100474916857,0.2822111040893843,0.19283578982199173,0.3595719702140974,0.17439313646446034,0.29679355159451054,0.04623932682951229,0.18195292680722655
0.06481469262538694,0.18632458068340824,0.2812405386297188,0.19498300476657898,0.352929792094944,0.17969508602323156,0.29679355159451054,0.04623932682951229,0.1789008416031832
0.05895095197625065,0.17439386770506912,0.279214682610584,0.18831421814083685,0.3193546472978396,0.16564502881250323,0.29082471982935504,0.048854289389527274,0.17594241181969555
0.05655599680460653,0.16861029177082945,0.27727355169125306,0.18469381066450355,0.31337275025970546,0.1585691710554194,0.2855054184935683,0.050204561887409994,0.1710658059746342
0.055011345802369715,0.15490353510687874,0.2723498800982499,0.18727009610419307,0.2977416203664559,0.15104990174261287,0.28712343654355765,0.05553124465005835,0.15883186506423658
0.053012415850114875,0.15226307924789564,0.2528234774100808,0.1716093887156933,0.29275444549845037,0.14279798366424248,0.27744383016643537,0.05553124465005835,0.1322444576857894
0.053012415850114875,0.15303545725426074,0.2528234774100808,0.1727112516874353,0.2913421161949155,0.1452978071346477,0.2705217070574335,0.05553124465005835,0.13712106353085074
0.05371202863505714,0.1534018671389644,0.27593062756983683,0.188846118474696,0.3243098823890671,0.16033892556922436,0.2773595655014306,0.05916778365260766,0.14406491015713968
0.05557112268260369,0.16681172009007475,0.26942296480934175,0.20935319949137862,0.3352098491341503,0.17148109703198272,0.2883684069142682,0.0629340998779911,0.14997966617456115
0.05517509746321442,0.15457558827798795,0.2899199329571763,0.20046537733122805,0.3235018963548092,0.16752444705553698,0.28439894702813967,0.0629340998779911,0.14997966617456115
0.05322915528947557,0.16132893800057982,0.27777656699091974,0.19685682955565617,0.3182178347216882,0.1675758754193579,0.2622043294687289,0.0629340998779911,0.14997966617456115
0.051993681380435745,0.16447205807583637,0.2641735010704591,0.19345612163892315,0.309471708277279,0.1579483650711345,0.24977899308861395,0.05760741711534275,0.13806555828265515
0.05159765616104647,0.1609314849998257,0.2711841791306209,0.17958780603212335,0.3072852960914226,0.163000209882535,0.25956410461831575,0.0629340998779911,0.12313526273108517
0.05419839855332456,0.15340575727086875,0.25661054775049474,0.18782812880555486,0.297541711842738,0.15512801722452077,0.2597710378381965,0.05760741711534275,0.14564149429662154
0.05543387246236439,0.15434815379840827,0.2801886624769334,0.17947469947069317,0.29956909382626207,0.1530919333495576,0.2597710378381965,0.05760741711534275,0.14564149429662154
0.05543387246236439,0.15434815379840827,0.28622877507742966,0.17548247199483177,0.2921083066074534,0.15561023738561597,0.2613284465813672,0.05760741711534275,0.14981632553008808
0.05526286346266237,0.13027781776453037,0.28719934053709517,0.17444162600625182,0.2703580082004222,0.14924170230942566,0.25964714158853985,0.05760741711534275,0.14981632553008808
0.04776762368509697,0.12235463703481932,0.2847059343579616,0.1740395281182161,0.2615991406572742,0.15250708930092766,0.26121974660848485,0.06158382738010838,0.15112848595017644
0.04830348480919453,0.12235463703481932,0.2847059343579616,0.1740395281182161,0.2529728810153855,0.15261256300940482,0.26121974660848485,0.06158382738010838,0.15112848595017644
0.04438978577819457,0.1247253791037108,0.28713619977183114,0.1664301692140852,0.24736266052593112,0.15378782078128742,0.2614715756741264,0.05625714461746003,0.1503330559180259
0.04861266190239151,0.13128133304431552,0.29664028401112646,0.1789296475643942,0.24665785322757813,0.15972133552202164,0.26250897875132445,0.05490687211957731,0.1720438574514117
0.047762357732984206,0.13128133304431552,0.2920598713648343,0.17585549261411118,0.24376663374336874,0.15900985443980886,0.25558685564232253,0.05490687211957731,0.1770141187170288
0.04959027868553703,0.13332409134571357,0.2770186898247094,0.17585549261411118,0.24694776809935368,0.16371828816084508,0.2605334806070543,0.05490687211957731,0.17405779248309497
0.050126139809634596,0.1373090586605959,0.2910079952120489,0.17585549261411118,0.2404067561929727,0.16382376186932227,0.25949607752985626,0.05625714461746003,0.17405779248309497
0.04975870898580886,0.13788119211013003,0.2845003324515539,0.1675523288519585,0.23537505510763349,0.15502734865162837,0.2650835554659741,0.06158382738010838,0.1691811866380336
0.04615687430068844,0.13574340046742037,0.30250389442025477,0.16879099274521894,0.24102180887296193,0.14733803752837898,0.24885091346319874,0.05625714461746003,0.1684794120264388
0.046455195914128666,0.12968829759032732,0.28071056866687527,0.15410734562087977,0.23672941491139937,0.14419757577089698,0.24068381998348634,0.05625714461746003,0.16716725160635038
0.055099061474541605,0.1331011314556755,0.2685672027006187,0.14905354497555962,0.23772483926522436,0.14661919218827887,0.2278165204675151,0.05625714461746003,0.16716725160635038
0.056334535383581436,0.12448370747322872,0.23789709922089827,0.14816231739868124,0.20047561566965122,0.12451528225245759,0.21011073438657377,0.051156495787620125,0.17579561371749614
0.05563492259863916,0.1296695858498833,0.21335183344147798,0.15178272487501454,0.19085393167393752,0.12157039646468845,0.20219005983533425,0.051156495787620125,0.17598292455860753
0.05709541272736624,0.13786799631628813,0.22441422353990942,0.15147423630373172,0.198570133939098,0.12645300201505003,0.17320788981485588,0.04582981302497177,0.1548967847585345
0.048836716906585836,0.14000760111175956,0.2219208173607758,0.1495334229165226,0.20286252790066056,0.127128549568404,0.17609453359374197,0.04582981302497177,0.15620894517862288
0.06056419820485842,0.14000760111175956,0.21338729858114594,0.15545036634471435,0.2000165368174813,0.12830460988969053,0.17214872906579962,0.04050313026232341,0.15334627436524478
0.06056419820485842,0.14000760111175956,0.2338842667289805,0.15545036634471435,0.20281729949963048,0.12830460988969053,0.17877361007911555,0.04447954052708905,0.15334627436524478
0.05971389403545112,0.13004166208065043,0.22824856352321893,0.1492536734286915,0.1985249055380679,0.1261700196063741,0.16657644740645597,0.0391528577644407,0.15334627436524478
0.06096022342424769,0.13318478215590698,0.22484773264968388,0.16774344313764522,0.20635807148925275,0.12169554759560233,0.16501903866328524,0.0391528577644407,0.17585250593078114
0.06461924690049517,0.1288021745022066,0.2258182981093494,0.15987713190292394,0.20788924654718843,0.11668362464544647,0.1626524005503719,0.04050313026232341,0.17097590008571978
0.06389103971998938,0.13906887043945776,0.23376749089619261,0.14797741746359816,0.17718649233107533,0.1109011057460868,0.16242422684291646,0.03686659125977411,0.15906179219381383
0.060796471763403,0.12646247554936557,0.23271220033672327,0.12537789305930258,0.1597348042688989,0.09781720049849478,0.14877516057966567,0.03310027503439066,0.15811729744200942
0.06119249698279227,0.1316483539260202,0.21424108820802357,0.13373132239416427,0.16434960040452828,0.10048484955542097,0.15700286336619673,0.03842695779703902,0.15811729744200942
0.06445549523965047,0.12576793149770718,0.2162669442271584,0.13742349826411268,0.1633912601281999,0.10326073633833771,0.14640852246675232,0.03445054753227338,0.15811729744200942
0.0757869513185338,0.11470163069273955,0.2152963787674929,0.1287397686682076,0.15737528951521737,0.09943819464347604,0.14243906258062383,0.03445054753227338,0.15811729744200942
0.0749366471491265,0.11392925268637445,0.20467585352070444,0.12284312735809773,0.1545745268330682,0.09367486874986275,0.13265395105092204,0.02912386476962503,0.15039229670838916
0.07582649793282406,0.11854299761349493,0.20467585352070444,0.12221543953686097,0.171416206168354,0.10406525438493504,0.11765504333801297,0.03047413726750775,0.1265739047227644
0.07544132819319155,0.12081319039447262,0.19180298914085805,0.13069164233472422,0.17933912673790264,0.10933112337816937,0.1192124520811837,0.03047413726750775,0.1307487359562309
0.08330399879458268,0.132546657990286,0.1933258298603262,0.12901204824560006,0.18647751178264446,0.11237592068020413,0.1324924308610857,0.035800820030156104,0.12648024930220866
0.09320355914030246,0.12228381524633654,0.19235526440066072,0.12921614080984553,0.1821851178210819,0.11108691976068458,0.1354450940839591,0.035800820030156104,0.13145051056782575
0.09946332500882804,0.12542693532159307,0.1933258298603262,0.13293859456830157,0.1796742700107083,0.11108691976068458,0.1354450940839591,0.035800820030156104,0.13145051056782575
0.09901990153856675,0.13689905384876078,0.19535168587946103,0.14645114687867,0.18049287911036352,0.11312300363564777,0.14367279687049017,0.041127502792804464,0.13145051056782575
0.09862387631917748,0.13375593377350423,0.19125270419829576,0.14890465885535797,0.1851076752459929,0.11073880788117346,0.12827114190931566,0.041127502792804464,0.1272756793343592
0.10944806566952674,0.13034309990815604,0.20828570070733116,0.14043608210300584,0.19818970082117862,0.11179378900484332,0.1271883258020732,0.041127502792804464,0.11556080963130566
0.1144723576290125,0.14071485666146522,0.2123374127456008,0.15090364906129053,0.19761987654221952,0.11233828414416684,0.1271883258020732,0.041127502792804464,0.11059054836568859
0.11464336662871452,0.14335531252044834,0.24233846513273075,0.15090364906129053,0.19443874218623458,0.11470570818021443,0.1265235990959302,0.041127502792804464,0.11059054836568859
0.12075559900723488,0.13408762033483806,0.26098949385948234,0.1565938888140223,0.1952731028872768,0.12132483344756789,0.14007601335541672,0.039777230294921744,0.11059054836568859
0.12112302983106063,0.1335154868853039,0.2589636378403475,0.1552335461710581,0.19147691585130266,0.12780284332762568,0.13184831056888566,0.032567389419581656,0.11414071786584232
0.12112302983106063,0.14066628960864988,0.24700018847214283,0.1659658382267528,0.19012255604753678,0.1312761393031973,0.14006081707864243,0.035800820030156104,0.11901732371090368
0.12538386574733137,0.14233878483204251,0.24700018847214283,0.16760660000804894,0.1907928425931481,0.1299169500019152,0.1585155945307316,0.041127502792804464,0.126001520008204
0.12540927857175307,0.13892595096669433,0.26749715661997736,0.1733194508719952,0.18984264664035322,0.12325147910257082,0.16819520090785392,0.041127502792804464,0.12112491416314264
0.12377777944332397,0.1495862836500005,0.2870235593081464,0.18194211128853216,0.21083894468120024,0.1332717060131705,0.1721646607939824,0.04383922299543782,0.10832172081853036
0.1250132533523638,0.14644316357474396,0.28799412476781183,0.1783217038121989,0.21748112280035367,0.1339032711951335,0.1721646607939824,0.04383922299543782,0.09838119828729623
0.12280016266017844,0.13553482801609534,0.27851572583687234,0.17591129111083348,0.20477774566718757,0.12366452370466643,0.1666377921646832,0.04383922299543782,0.09706903786720783
0.12280016266017844,0.12761164728638427,0.2724756132363761,0.18562480641601103,0.20547252657363058,0.1171895696921623,0.16111092353538395,0.04383922299543782,0.11460500816712717
0.11599517027104503,0.1302521031453674,0.3015061001638405,0.18074870897639922,0.22396732709168776,0.12233900730351176,0.15682902527679524,0.04383922299543782,0.11554950291893157
0.11684547444045233,0.13336414316597087,0.2846189792026327,0.2028373438076093,0.22685854657589719,0.12305048838572454,0.16375114838579713,0.046647199908045486,0.11554950291893157
0.12357047147772265,0.13864505488393705,0.3206601441902588,0.2241420849808298,0.24027641760758503,0.14357953095326256,0.167948781979381,0.04945517682065315,0.13032628162421567
0.12317444625833338,0.14342511553839157,0.31212662541062897,0.21006736781665195,0.2424276277843213,0.14486853187278212,0.16927801701509637,0.04945517682065315,0.10861548009082984
0.12076175217088247,0.14302766253763746,0.32329942591722005,0.21989521961946118,0.234835253712373,0.1454929429123554,0.17723754320129628,0.04810490432277043,0.10861548009082984
0.11876282221862763,0.12925143664042607,0.29321364843028624,0.2187933566477192,0.22877405469836032,0.13792118153281155,0.1775499815737565,0.04810490432277043,0.11349208593589119
0.11836679699923836,0.12727814757228872,0.29321364843028624,0.21725464114854576,0.22877405469836032,0.13792118153281155,0.18577768436028758,0.05343158708541878,0.11349208593589119
0.1238345124289854,0.13001544992534517,0.29215835787081695,0.21685881792007503,0.2302204575767436,0.1392101824523311,0.18151944145988502,0.04810490432277043,0.11349208593589119
0.12843418477351834,0.13335029943652538,0.29617261445217835,0.2119277907377564,0.24454050392358875,0.15458560171695432,0.18307685020305575,0.04893346641271207,0.1176669171693577
0.12257044412438203,0.13335029943652538,0.32617366683930826,0.21943333078783303,0.2477216382795737,0.15559383645171984,0.1955475996132151,0.05749357978593486,0.12254352301441906
0.12456937407663687,0.1380335135969065,0.3281995228584431,0.22520719863494137,0.25551756877118803,0.1640608919677962,0.2053781241729613,0.06417053504646594,0.12254352301441906
0.12164263354861068,0.15073675498107206,0.336733041638073,0.21527853048621082,0.24511949357420101,0.16332436592884686,0.22403405339953864,0.06282026254858322,0.1245574580461023
0.1203963041598141,0.15230422632700932,0.32602779129148063,0.20784317367692753,0.24371990536940502,0.15885004095475314,0.2264461045424964,0.06282026254858322,0.12535288807825284
0.11742813094371025,0.14057075873119598,0.31749427251185075,0.2077411273948048,0.24797008143258567,0.15237987782403878,0.21160871701942366,0.05749357978593486,0.1204762822331915
0.10769957959769252,0.14321121459017908,0.31749427251185075,0.2075370348305593,0.25081607251576493,0.15488141014167042,0.19445951924486368,0.05749357978593486,0.11550602096757442
0.10143981372916695,0.14211085281632058,0.3210429692504537,0.20411463267801624,0.2504809292429593,0.14969545704868584,0.20391636205169927,0.052166897023286515,0.11419386054748604
0.10025173807099913,0.13063873428915287,0.32755063201094875,0.21678018364093762,0.25085330797533545,0.14820386831304616,0.19832888411558136,0.0506065304860216,0.13590466208087187
0.10407858897580678,0.13609432645589908,0.3286059225704181,0.21567832066919565,0.24343774915755692,0.1559436684596592,0.2237057846766724,0.05593321324866996,0.14163000370762813
0.09266195258194451,0.14468467397645593,0.30206884182208726,0.21164741907123877,0.23345712971190233,0.15795159645382148,0.23303995892863208,0.05593321324866996,0.14148093898797426
0.08840111666567378,0.14009649315738637,0.2980171297838176,0.2077380088038759,0.23061113862872304,0.16284315915485328,0.23303995892863208,0.05781637136136169,0.14434360980135238
0.09042864101349216,0.1423666859383641,0.2669607868372184,0.21031757029162929,0.2344073256646972,0.16347472433681629,0.22347761096921703,0.05781637136136169,0.14434360980135238
0.08707879463044167,0.14815026187260374,0.23279761200365917,0.21261969128468416,0.22268362128396907,0.1732981841453039,0.20591032379355761,0.05781637136136169,0.1485184410348189
0.08617550268251838,0.14755256431501867,0.2357940334824595,0.2094949855611888,0.2354864396356677,0.166714700556769,0.20591032379355761,0.05781637136136169,0.14496827153466516
0.08902473680418052,0.14226983944429072,0.22580081474862557,0.20317774605027009,0.23119404567410512,0.16456633902957574,0.1961404085406301,0.05458294075078724,0.13591683445613728
0.08316099615504423,0.14110000843717152,0.22677138020829105,0.20307569976814732,0.23370489348447873,0.15999201359012358,0.185913333875072,0.05458294075078724,0.12701446209726328
0.07403743882019156,0.1442431285124281,0.22084804344058265,0.2061070528475381,0.23085890240129947,0.16514424937817124,0.1804313610915336,0.05646609886347897,0.13701039392759556
0.07561068421799191,0.14896204771646526,0.21723819625395596,0.19038653531015667,0.20850824455668662,0.15570154230487832,0.18865906387806466,0.05719790331080223,0.14198065519321262
0.0739791850895628,0.16276565087448933,0.21424177477515566,0.19092092813544553,0.20760486327747898,0.15764797896195443,0.20642850821006783,0.0638748585713333,0.15192117772444674
0.07467879787450507,0.16166528910063083,0.21626763079429048,0.1914660723711875,0.22291852943955126,0.1593501307567268,0.20642850821006783,0.0638748585713333,0.14905850691106864
0.07467879787450507,0.16166528910063083,0.23937478095404646,0.18749334759195407,0.22077734565472495,0.16557803588941383,0.2132663666540649,0.0638748585713333,0.13438520742452742
0.07601607483389144,0.16139557531053916,0.21131485948624756,0.19933200860365602,0.2054636794926527,0.1602944899964803,0.21062614180365172,0.06575801668402503,0.133440712672723
0.0755617958838734,0.1634694136665903,0.23876135524622008,0.18089172091077704,0.19977169732629416,0.1620018032285508,0.2079470653182781,0.0643003122693001,0.14319392436284573
0.07162777923763647,0.1682850289652395,0.20272019025859397,0.1657869487016432,0.1891998173777856,0.14740627540174697,0.2037494317246942,0.06149233535669242,0.1333874069231787
0.07664121571736546,0.16036184823552846,0.22814082999943164,0.16754786189201132,0.1841653806582995,0.1482075507385249,0.2024201966889789,0.06149233535669242,0.12841714565756163
0.07649052433290043,0.1564463501539068,0.21599746403317507,0.16091431644855705,0.1984018607896426,0.14964785814702172,0.19446067050277896,0.06284260785457514,0.12841714565756163
0.08070932468938188,0.16075930123628254,0.2150268985735096,0.16434776741598356,0.2214414158170441,0.1501555459546699,0.19446067050277896,0.06472576596726687,0.1333874069231787
0.08070932468938188,0.16367498683195944,0.24151670967894473,0.16901977229134987,0.22139618741601397,0.15133160627595643,0.1862329677162479,0.05939908320461851,0.13127981647093975
0.08273684903720026,0.168860865208614,0.24257200023841408,0.17031051429845445,0.22342356939953806,0.15070608198051103,0.1931550908252498,0.061282241317310235,0.1361564223160011
0.07487417843580911,0.16144049909463773,0.25500299976661756,0.17603441397728414,0.2025883350114738,0.13139988329503557,0.19159768208207908,0.062336837340060326,0.1319815910825346
0.07083835873922563,0.16144049909463773,0.22500194737948764,0.17852268059336784,0.19940720065548886,0.13156770888155656,0.17912693267191976,0.05565988207952926,0.14201576903432445
0.06883942878697079,0.1667232239653657,0.2310420599799839,0.17816161200429284,0.1959036641254371,0.13061755941768682,0.1830509795280038,0.05430960958164654,0.14619060026779096
0.06701150783441796,0.15087686250594357,0.2310420599799839,0.17816161200429284,0.187318876202312,0.13032919698540069,0.1756595280441826,0.05430960958164654,0.1413139944227296
0.06701150783441796,0.14412351278335173,0.23860501329994827,0.18264666037075233,0.1769993568015852,0.12904019606588113,0.17433029300846728,0.05619276769433826,0.13920640397049064
0.0641159404013855,0.14880672694373287,0.2406308693190831,0.18576919833649216,0.16561079569366272,0.1332131235423104,0.18255799579499835,0.061519450456986605,0.13920640397049064
0.0641159404013855,0.1508494852451309,0.24265672533821792,0.20805973226555685,0.16561079569366272,0.13438918386359694,0.19108294067721537,0.0685191972929445,0.13920640397049064
0.07180760200307462,0.1567299076734439,0.2320973505394532,0.21835967777808538,0.167057198572046,0.14028622752750558,0.19295964400136648,0.07040235540563623,0.13920640397049064
0.08276226186162194,0.16465308840315498,0.22356383175982333,0.19332446677549828,0.17395479173755132,0.14166229848966463,0.19428887903708178,0.06663603918025278,0.12035827325048293
0.07978571512622158,0.16113970524989304,0.23271077624727962,0.2053034645039993,0.18178795768873615,0.13324278166627185,0.17155220332640392,0.06130935641760443,0.1421648337539783
0.08564945577535787,0.15408945181446082,0.23473663226641445,0.2095431228361995,0.1774955637271736,0.1354194804747918,0.1847319412148354,0.06130935641760443,0.13231796664329987
0.08325450060371375,0.14830587588022118,0.23570719772607993,0.2024785129819866,0.17996118313651713,0.12948596573405757,0.1847319412148354,0.0594261983049127,0.12945529582992174
0.0812269762558954,0.1519161055275565,0.23570719772607993,0.20510534919488843,0.1833033811452848,0.13131946179290066,0.1887014011009639,0.0594261983049127,0.1344255570955388
0.08009608938885461,0.1434920737343337,0.2493102636465406,0.2201006756123592,0.19621807335804434,0.12472545544705625,0.19289903469454778,0.06319251453029616,0.16814412194138634
0.08139540655616721,0.14927564966857337,0.2944372226735993,0.22059854512295266,0.17772327283998715,0.13013287871430465,0.20242253101900246,0.06454278702817888,0.16814412194138634
0.07815014721511578,0.1434920737343337,0.3069238475865668,0.21838903106279586,0.17772327283998715,0.1269198653144602,0.22760966176250919,0.06642594514087061,0.16814412194138634
0.0808486899523129,0.15091259024777132,0.3144868009065312,0.23274225747880967,0.18912650298688977,0.13466847244819982,0.23421934649905085,0.06923392205347827,0.17216988845519898
0.08293446803076002,0.14776947017251477,0.3044935821726973,0.23898910598222087,0.194691495075314,0.13248497994155167,0.23002171290546694,0.06735076394078654,0.16503662743824485
0.08090694368294164,0.13827049031402308,0.28496717948452815,0.24316324134699369,0.2099489962762152,0.14006131329469634,0.2178245502328074,0.06285264326807982,0.16361653567278153
0.08290587363519648,0.1250645847135841,0.28593774494419366,0.2596414615877988,0.20597900448871945,0.1472605355746042,0.20005510590080422,0.05805884612024047,0.15367601314154739
0.08295886141371249,0.12566228227116913,0.30933252866589656,0.2710332888496931,0.19742131824710282,0.15459040951162906,0.2026953307512174,0.059942004232932194,0.18809635259898974
0.08295886141371249,0.12566228227116913,0.28622537850614055,0.27585146614322986,0.20483687706488138,0.15089604515428415,0.2040851750937514,0.06715184510827227,0.18392152136552323
0.07869802549744176,0.12515961805489567,0.3057517811943095,0.2655880439453967,0.20165574270889644,0.1557876078553159,0.2040851750937514,0.06526868699558055,0.18392152136552323
0.07993349940648159,0.1199737396782411,0.2807355508482066,0.2793736076014423,0.21002149747946985,0.16763808393858204,0.20500173086553597,0.059942004232932194,0.17834314090886705
0.08077294809613214,0.1125176685206088,0.2887167943680339,0.27599612499718257,0.21699881887142897,0.17345560221352962,0.21478684239523776,0.06526868699558055,0.1775477108767165
0.07490920744699583,0.12044084925031984,0.2596863074405694,0.2758330617318978,0.2191872645077358,0.17311890611582545,0.2273985055812905,0.06661895949346328,0.1775477108767165
0.07420959466205358,0.1235839693255764,0.2657264200410657,0.27442039574378974,0.20775154705854187,0.175111118678398,0.22735309255124608,0.06526868699558055,0.18172254211018302
0.07198972425782697,0.12191147410218375,0.2657264200410657,0.2776147021031447,0.18932678816676968,0.18115440789394227,0.2204309694422442,0.06526868699558055,0.1718756749995046
0.07785346490696327,0.11782595749938768,0.2587630116237996,0.2834990531977456,0.1915132003526261,0.17997834757265574,0.22865867222877526,0.07059536975822892,0.1985567377985075
0.07179012086256141,0.11418483513546326,0.28327423635299553,0.28486990204293855,0.1905630043998312,0.18661663956308222,0.23021608097194599,0.06871221164553719,0.2055942398453521
0.07874949951602925,0.12327784687229353,0.28327423635299553,0.2789396008067308,0.1987851001907489,0.18829762367450356,0.24642696530286312,0.06547878103496274,0.2105645011109692
0.07894910291129481,0.13434414767726113,0.2852153672723265,0.27340295504123824,0.20682845278725548,0.1889080211731155,0.25039642518899163,0.06359562292227101,0.1965982120659224
0.08277595381610248,0.12779104251150022,0.28318951125319164,0.26977179615445185,0.20851795586382704,0.19695080011249583,0.24842633718189014,0.058268940159622654,0.2043374887243619
0.083396995255179,0.13143682680303023,0.3227773826621804,0.2813166862322793,0.20567196478064775,0.20314316222761278,0.2510991915323753,0.06359562292227101,0.22041215192491515
0.08761987137937594,0.1368229497365158,0.33236420168403935,0.28475612046731386,0.21411948122812538,0.2256427709820663,0.25313119291147435,0.06171246480957928,0.23495058065699795
0.08964739572719431,0.13996606981177234,0.3444444268850319,0.28569473275466134,0.21791566826409955,0.23651213406841437,0.26316813350681767,0.06171246480957928,0.24330024312393098
0.08927996490336856,0.13732561395278925,0.36494139503286643,0.2634041988255967,0.22204699857287938,0.23003412418835664,0.26316813350681767,0.056062990471504114,0.24330024312393098
0.08198432852106873,0.13254555329833473,0.3668825259521974,0.2593149736876079,0.2177546046113168,0.22658959214366817,0.2420494758461292,0.05417983235881239,0.2453141781556142
0.07466009774320535,0.12726282842760678,0.37541604473182727,0.2628440862922716,0.22100475954546714,0.23292094412055597,0.242323062583629,0.05553010485669511,0.24732811318729742
0.07380979357379805,0.1352865584452316,0.3672396657040365,0.24619308368840423,0.21746398755584484,0.2333643556762787,0.25057442072834624,0.05553010485669511,0.22467281690210716
0.06614354479653063,0.13060334428485046,0.4148580405929885,0.2429006212962491,0.21366780051987067,0.23256313919516153,0.2348983670319522,0.05553010485669511,0.24085541144803538
0.06693559523530918,0.14097510103815963,0.4179391871715927,0.2627126829928398,0.21762301775817713,0.2362390229868533,0.2348983670319522,0.05553010485669511,0.27241308009209964
0.06656816441148343,0.13566681205938072,0.4475574144985276,0.25928792566343156,0.21708158243155865,0.2325156222639109,0.23248631588899443,0.05553010485669511,0.2745739762938829
0.06530409610688008,0.13830726791836384,0.4484112041254052,0.23734108448875407,0.20696765290094826,0.22782233518951547,0.22673127355223976,0.05176378863131166,0.2514977085908644
0.06290914093523595,0.13048093368272615,0.40028782361954635,0.24763652401701736,0.20873645795339835,0.22455646950570743,0.22412990033678704,0.05229667424612066,0.2514977085908644
0.0774858563551707,0.13312138954170927,0.39384131130707495,0.24821136353633327,0.2144284401197569,0.2329554359985365,0.200500178336451,0.05041351613342894,0.260642801089948
0.07706951352054443,0.12460051125441314,0.39094349573320664,0.2485270572586679,0.19415209345051077,0.2270606529633592,0.1856627908133783,0.04604517268355636,0.26054914566939225
0.07458771022270803,0.1286860278572092,0.3904147951251841,0.23396835135508576,0.19143309244526577,0.22291584936067316,0.1856627908133783,0.04604517268355636,0.2685714921390526
0.07419168500331876,0.12601834513687477,0.39147008568465347,0.22567593900338612,0.17088777292897706,0.21355305818763,0.18726561258659344,0.046566883091497445,0.2650213226388989
0.07219275505106391,0.12542064757928972,0.41302234439195723,0.2201584816137165,0.17126015166135325,0.20377583406868308,0.18726561258659344,0.04468372497880572,0.28767661892408913
0.07019382509880906,0.1243249477330368,0.4046056014451153,0.20146123730292695,0.16735016282407686,0.20554657645699181,0.19038043007293487,0.042800566866114,0.26934521859201926
0.0839202363493365,0.1281352345991391,0.4046056014451153,0.19089996049031355,0.15708861292311907,0.20881244214079983,0.19183233366352612,0.03559072599077392,0.26648254777864117
0.08355280552551075,0.12743698775364026,0.3841086332972808,0.19380977004290423,0.16373079104227253,0.20337638430044452,0.19875445677252804,0.037473884103465645,0.26648254777864117
0.08301694440141319,0.12743698775364026,0.3936127175365762,0.17711665363119444,0.1649867202674128,0.19481915846936554,0.18956478518416794,0.036123611605582924,0.26648254777864117
0.07938651532072925,0.12479653189465717,0.3856314740167489,0.1742941672713676,0.15516340779227442,0.1843445767516174,0.18670179676346807,0.030796928842934567,0.26718432239023604
0.08206474044268938,0.11687335116494611,0.3892413212033756,0.17840916821023053,0.15087101383071186,0.18403527347747878,0.17144990872700214,0.02944665634505185,0.26718432239023604
0.08755952952303266,0.12035565426355498,0.4129437271431021,0.185400506194696,0.17618673566233356,0.1871238719550416,0.1863479055568935,0.04010002187034856,0.2708424232357647
0.08595662479016708,0.12085831847982845,0.4129437271431021,0.17563945949172163,0.17441793060988348,0.17953094289214672,0.19327002866589543,0.03821686375765683,0.27858169989420417
0.08203882631476962,0.1287814992095395,0.39702717164155976,0.16919810446061734,0.1865259680551391,0.1820575163673649,0.18901178576549288,0.032890180995008476,0.2540082275474402
0.08106120953162411,0.12723674319680933,0.3760410689991867,0.1768577289374572,0.1900635781600393,0.18170856484422201,0.18053225391332023,0.032890180995008476,0.25184733134565696
0.07695106499981842,0.12272639633244645,0.3676874668176088,0.1876853974298857,0.17791830525521313,0.18934022561267388,0.17358647544613218,0.03821686375765683,0.25184733134565696
0.07655503978042914,0.11166009552747883,0.36574633589827776,0.19451086267602702,0.17828593583031005,0.19189493407136707,0.1696170155600037,0.03821686375765683,0.25090283659385254
0.07520999217345789,0.11617044239184171,0.3642866359440737,0.2034109635872625,0.18039261978971266,0.17883318798189146,0.16872411514640528,0.04010002187034856,0.2418513995153247
0.0746175451299449,0.11584245862434828,0.31819110177458987,0.19911763987255474,0.18736994118167177,0.16508295420618724,0.15478678305316398,0.036123611605582924,0.24355019092500077
0.07079069422513723,0.11242962475900009,0.3000707639731011,0.193772718758814,0.17892242473419417,0.1425833454517337,0.15011455682365182,0.036123611605582924,0.23111935264515687
0.06676423992506401,0.10460329052336241,0.29200479535347,0.19045236288839362,0.1836189825467277,0.1319746554524015,0.13340732218494813,0.030796928842934567,0.23468379807012987
0.07112287618625375,0.10256053222196437,0.26948197118650064,0.19045236288839362,0.20329866002373323,0.13604856332251256,0.1248823773027311,0.02944665634505185,0.2472996805736307
0.07072685096686449,0.09941741214670781,0.2675408402671697,0.18320079652527393,0.21179140487224096,0.13359605170329236,0.1413377828757932,0.04010002187034856,0.24242307472856933
0.06858808510990134,0.09992007636298127,0.2590073214875398,0.19804114104142814,0.21230529133945775,0.12523865991644484,0.13709473625216492,0.0415577262850735,0.237546468883508
0.06968372311423288,0.09199689563327021,0.27756315871604337,0.19804114104142814,0.21763458137360886,0.12319929917247743,0.13312527636603644,0.0415577262850735,0.23553253385182474
0.07168265306648773,0.0958071824993725,0.22791892780795656,0.19864124425325408,0.22048057245678812,0.11876090772724252,0.12473000917886863,0.0415577262850735,0.2193499393058965
0.0741358619687606,0.09121900168030296,0.2274770629563136,0.18498935215799076,0.2169057268923174,0.1228723627748474,0.12633283095208378,0.04290799878295622,0.19763913777251066
0.08199853257015174,0.09729966866544693,0.19688827016971314,0.18330975806886657,0.2212433492549101,0.1249089253421166,0.14017822842800287,0.050935226541370025,0.19060163572566602
0.08163110174632598,0.09864418012134615,0.17744659258134798,0.19480491374529105,0.22437995739356134,0.118866957611748,0.14017822842800287,0.050935226541370025,0.2053282409617516
0.08708945177956277,0.10128463598032926,0.17938772350067897,0.1912739224800071,0.23243446481624966,0.12511650912009212,0.13325610531900098,0.0490520684286783,0.2053282409617516
0.07837647700876431,0.10656736085105721,0.189264166401725,0.18631608087635443,0.23103487661145367,0.11470866940526414,0.14389585924848977,0.054378751191326645,0.19618314846266802
0.07935727536305166,0.10766772262491572,0.23066251209212882,0.18018249796177915,0.24465437612256621,0.1216223321012485,0.1454532679916605,0.0506124349659432,0.20819091177512972
0.08794815314494861,0.10562496432351769,0.2296072215326595,0.19487646598182384,0.26021343093908034,0.12395604907798388,0.15237539110066242,0.0506124349659432,0.22282386159065948
0.08794815314494861,0.10435458402848474,0.22758136551352467,0.1959173119704038,0.25741266825693115,0.12509839209433346,0.1507725693274473,0.04926216246806048,0.23764098996695499
0.09157858222563256,0.1049522815860698,0.2050585413465553,0.18650384827113925,0.2594028147808847,0.1316634720170307,0.15900027211397835,0.05458884523070884,0.21498569368176473
0.0943057193583932,0.11133070630305068,0.1844447973659329,0.18344702069193647,0.27711307977413513,0.12272998867126446,0.15721468966335223,0.05458884523070884,0.19889675455639227
0.08057930810786576,0.10752041943694839,0.19297831614556277,0.1827085353024021,0.27711307977413513,0.12036256463521687,0.16040238280220118,0.05458884523070884,0.20672968663538746
0.07973985941821521,0.1126368285803423,0.19297831614556277,0.18338260991144933,0.27967916145013083,0.12087334246960345,0.16170796247973032,0.058032369880665464,0.21255078723225318
0.07864422141388366,0.12172984031717254,0.18347423190626738,0.18805461478681568,0.2771506340981289,0.12281231223692368,0.16303719751544563,0.058032369880665464,0.21752104849787027
0.08028657602206953,0.12801608046768564,0.18708407909289407,0.1994104306783452,0.2771506340981289,0.12567932444430535,0.16794497084521698,0.059382642378548185,0.21645160821799148
0.07870398890444094,0.12801608046768564,0.18347423190626738,0.18958257887553598,0.2927542151319767,0.1253261092490574,0.16794497084521698,0.059382642378548185,0.22629847532866987
0.0786769152538447,0.12139065729382023,0.1537317133660446,0.17937293130277293,0.2646377306182058,0.11920213542962516,0.16116917164927713,0.04872927685325147,0.22821875493979737
0.07991238916288453,0.11941736822568289,0.1537317133660446,0.18199976751567473,0.26558792657100067,0.11973330963494101,0.1624747513268063,0.05405595961589983,0.22236846778496677
0.07796644698914568,0.11149418749597183,0.16372493209987854,0.1775847149708988,0.2541394680230679,0.1223926892527074,0.1627029250342617,0.05405595961589983,0.2225175325046206
0.08753494155418813,0.10561376506765881,0.1601998100130557,0.16044878580607314,0.2625733260714723,0.11406398804145641,0.15873346514813322,0.05405595961589983,0.2127643208144979
0.08831613651320992,0.10367155605417452,0.1480564440467991,0.15529293887863024,0.272061495273805,0.11398407214120664,0.15754514388831128,0.04872927685325147,0.20779405954888083
0.08868356733703565,0.12215837337257973,0.1480564440467991,0.14933211452261513,0.27792728219168517,0.11802031416080423,0.17240618676957017,0.0506124349659432,0.21515139461421706
0.08820069399145411,0.11687564850185178,0.16408977538112934,0.14565785636050615,0.2698387011941485,0.13283603092016188,0.1672696461111944,0.0506124349659432,0.2342924189436329
0.08924741998498514,0.11406051219408865,0.16664433200828668,0.15134809611323793,0.2628613798021894,0.13291594682041166,0.17389452712451037,0.05458884523070884,0.2165189643334036
0.08885139476559586,0.1109173921188321,0.17365501006844844,0.14950932900815153,0.26855336196854795,0.13796779163181216,0.1754519358676811,0.05458884523070884,0.21572353430125304
0.09048289389402496,0.11208722312595129,0.16858546292761767,0.14980938061406449,0.2698839295951786,0.13227106070444097,0.17389452712451037,0.05458884523070884,0.20380942640934707
0.08449275850440613,0.11208722312595129,0.17711898170724755,0.15242546541651328,0.24322693072621396,0.12756558765236692,0.17653475197492355,0.05458884523070884,0.19119354390584622
0.08871563462860306,0.12783673809130003,0.20061237133388238,0.15500502690426665,0.24187257092244804,0.1347881033126207,0.17097092939699177,0.04393547970541213,0.19405621471922435
0.08722397140488225,0.12469361801604348,0.20061237133388238,0.13549267751274613,0.2318705152528986,0.13553846313706855,0.1725737511702069,0.042477775290687185,0.20179549137766384
0.0861283334005507,0.12265085971464543,0.180030678086244,0.13653352350132605,0.22542996561316986,0.13501237166358268,0.165651628061205,0.042477775290687185,0.1989328205642857
0.0843004124479979,0.12148102870752624,0.19050532778520485,0.13445183152416618,0.22538473721213972,0.13501237166358268,0.1682918529116182,0.042477775290687185,0.20179549137766384
0.08305408305920131,0.11833790863226969,0.20739244874641266,0.12983896107470974,0.22220360285615479,0.13416678229978582,0.18183885703393604,0.04645418555545281,0.20179549137766384
0.08027395814792466,0.10700189403721044,0.21100229593303937,0.1418095218378409,0.2190649612670531,0.129691831596708,0.1664360508148462,0.03842695779703902,0.19682523011204678
0.07864245901949556,0.10378930472869322,0.20897643991390455,0.1308487589867053,0.2102815993630734,0.12865794156999277,0.1664360508148462,0.03842695779703902,0.17014416731304385
0.08600722828886291,0.10114884886971011,0.20703530899457356,0.15566267973544923,0.21791313683483354,0.1204009407597924,0.18289145638790835,0.053771458347635116,0.1918549688464297
0.0805395128591159,0.09841154651665364,0.21510127761420464,0.181108437055866,0.22178905209726146,0.12560806153612802,0.17225170245841953,0.05032793369767849,0.22060327242666014
0.08474315998425956,0.09790888230038018,0.17604847223786657,0.1708363790091292,0.21661706903362654,0.1279600425753001,0.17225170245841953,0.05032793369767849,0.2078937345026036
0.07778378133079172,0.09790888230038018,0.17507790677820106,0.1556080181637956,0.2080353356090715,0.12625789078052774,0.1653295793494176,0.05032793369767849,0.18237576740403524
0.07778378133079172,0.09713650429401509,0.17507790677820106,0.17598500844544235,0.21652808045757924,0.12498143948259406,0.1653295793494176,0.05501906872297788,0.16755863902773976
0.07415335225010777,0.09449604843503198,0.17604847223786657,0.17598500844544235,0.2152427412319787,0.1195587025762464,0.1653295793494176,0.05501906872297788,0.17529791568617925
0.07892145489491253,0.08891252971955932,0.21704240853353562,0.19206725877044908,0.20346984705952875,0.11801182674640916,0.1613601194632891,0.0569022268356696,0.19700871721956506
0.08001709289924407,0.09800554145638957,0.20850888975390577,0.19812754595077742,0.22022991609998427,0.11626082843472792,0.15246227983344635,0.05878538494836133,0.18917578514056987
0.0854848083289911,0.09690517968253105,0.2105347457730406,0.20448758733258837,0.21704878174399933,0.11747060606095139,0.15938440294244824,0.05878538494836133,0.19329520707493825
0.08911523740967504,0.091225001811049,0.20449463317254435,0.21006349058768847,0.2215849780874466,0.11638467164985797,0.17031293988621113,0.06943875047365804,0.2087235869226186
0.09333662345062547,0.0861085926676551,0.20088478598591766,0.19880972097828165,0.22443096917062588,0.11224120814454262,0.15848304344743794,0.06808847797577532,0.2049164213574361
0.0958714145269779,0.09871498755774728,0.2029106420050525,0.19776887498970172,0.2140699780511355,0.11829274621533988,0.16245250333356642,0.06808847797577532,0.19506955424675768
0.0932232738838278,0.1112874678587735,0.21997767956431222,0.20798507465859242,0.2298299591633779,0.11663962536460369,0.1732031725528034,0.07341516073842366,0.18531634255663496
0.09785154062392426,0.12118393765662193,0.21997767956431222,0.21098617908285278,0.23350730044495127,0.11726334379722331,0.16894492965240082,0.06997163608846704,0.19116662971146564
0.09934320384764508,0.13379499447431972,0.20734517910351702,0.21913320686033638,0.24354342968934914,0.11656013215417033,0.16871675594494542,0.06997163608846704,0.1938802358051899
0.09224398928946895,0.14398836798500847,0.2053193230843822,0.22634374392449536,0.24614358494019328,0.12116166824658675,0.18091391861760497,0.07529831885111539,0.19970133640205565
0.08970919821311656,0.14134791212602538,0.2062898885440477,0.235161797815309,0.2551422233144582,0.11463932579650121,0.1728371340136978,0.07664859134899811,0.22628874378050282
0.0877102682608617,0.12286109480762016,0.22335692610330743,0.22963590346026955,0.23801946214179523,0.10626191749831196,0.16325654083326527,0.07476543323630638,0.22603174771547405
0.08571133830860686,0.12022063894863706,0.20371374758235056,0.23768528095457508,0.24404658758095943,0.09234233451911855,0.15750149849651066,0.07288227512361467,0.2189388363695313
0.08974715800519033,0.1322293362811442,0.21532841294058458,0.2509433790659475,0.2564461593820214,0.10160056530447978,0.16411118323305232,0.07288227512361467,0.23233587298036343
0.08974715800519033,0.14092489501722033,0.20831773488042282,0.26505368060988777,0.2578925622604047,0.09884595614736434,0.16652323437601008,0.07569025203622233,0.23303764759195827
0.09960875855883632,0.15500191475917643,0.20937302543989217,0.2662245125425883,0.2618045845481315,0.11200198654835236,0.1704926942621386,0.07569025203622233,0.23800790885757533
0.10085508794763291,0.16018779313583104,0.22697217801385838,0.28861285967886857,0.2685605644685871,0.11766580272019053,0.1678524694117254,0.07569025203622233,0.2694719220810839
0.1002626409041199,0.14785111203583046,0.21298287262651888,0.2860332981911152,0.27409148298216296,0.12171680070367022,0.1780558887190973,0.08101693479887066,0.27529302267794964
0.10065866612350918,0.15099423211108703,0.21902298522701513,0.2940256589369019,0.26844472921683454,0.12680236282000765,0.1780104756890529,0.07966666230098794,0.27172857725297667
0.10150897029291649,0.15380936841885018,0.22271755751344569,0.2981406598757649,0.2652635948608496,0.12865618691857003,0.17961329746226803,0.08101693479887066,0.2844381151770332
0.09951004034066163,0.15116891255986709,0.21321347327415036,0.2981406598757649,0.268154814345059,0.1227226721778358,0.17697307261185485,0.08101693479887066,0.2815754443636551
0.09790713560779607,0.1544867130839037,0.21523932929328518,0.2975976833977784,0.268154814345059,0.11578092270233606,0.17005094950285296,0.08101693479887066,0.27172857725297667
0.09282458991768158,0.16318227181997982,0.22016300088628832,0.29597938604036905,0.27343463971898696,0.11432235866467964,0.17666063423939463,0.08101693479887066,0.2934393787863625
0.09367489408708889,0.1664954104164108,0.2278245601111847,0.3006008401425231,0.27343463971898696,0.11530205631006057,0.17826345601260976,0.08236720729675338,0.2905767079729844
0.0891390650008287,0.1727816505669239,0.24489159767044447,0.27170407890067594,0.26262196789124187,0.11641576475330326,0.167088500140374,0.0670227067461573,0.2737425122846599
0.09044364812025403,0.1675957721902693,0.2320818740558621,0.25596151598973116,0.2544536586672514,0.11120849694028954,0.16817131624761644,0.06513954863346558,0.24593870345623384
0.08258097751886288,0.17287849706099725,0.22410063053603482,0.2551186753249415,0.2531445272645156,0.10137803002609028,0.18201671372353553,0.07316677639187937,0.24176387222276732
0.08179978255984109,0.17083573875959923,0.2256846217035267,0.2602745222523844,0.2433212147893772,0.10145794592634005,0.18201671372353553,0.07316677639187937,0.24176387222276732
0.09592221902975781,0.20714220660556396,0.2256846217035267,0.24268118602273647,0.2519980457871197,0.11597449339420131,0.1978945532680495,0.06847564136657999,0.2563936897579514
0.09592221902975781,0.21915090393807107,0.25023330188963094,0.24059949404557657,0.25629043974868226,0.11968724200205791,0.20546620680642014,0.06449923110181435,0.24865441309951192
0.08927728342159971,0.21875345093731696,0.21284921278058858,0.22967309064801275,0.2506882122006875,0.12064128435548911,0.20546620680642014,0.06261607298912263,0.23965314949018263
0.0922080997173414,0.21544401513472639,0.22138273156021843,0.23225265213576612,0.24090546455219108,0.12565948844834912,0.2041369717707048,0.06261607298912263,0.24251582030356075
0.09290771250228366,0.2094857587517067,0.21935687554108357,0.2253205824270307,0.24734601419191982,0.1238334592792619,0.19721484866170289,0.06449923110181435,0.23543796858570473
0.09821527441208541,0.2112588032630131,0.22596314420651065,0.22951844127219345,0.2374854662572109,0.12064750949570363,0.19866675225229416,0.059172548339166,0.21869742831793598
0.09984677354051452,0.210861350262259,0.22596314420651065,0.2305592872607734,0.24128165329318507,0.12255552597560034,0.19866675225229416,0.059172548339166,0.22357403416299734
0.09621634445983057,0.19825495537216678,0.2239372881873758,0.24776729380114412,0.23818024716365388,0.11701984847101965,0.19469729236616568,0.059172548339166,0.25302411235482264
0.09886448510298067,0.18568247507114055,0.23590073755558044,0.2396327861094133,0.22844739149057575,0.1165223915706407,0.18382936472922143,0.05384586557651764,0.2579943736204397
0.10156302784017777,0.17842646113227525,0.23687130301524592,0.2370532246216599,0.2334415382519212,0.12055065384899165,0.17985990484309294,0.05384586557651764,0.25311776777537837
0.10255316791429336,0.17490841605140772,0.23951058474220716,0.2343620953775322,0.22869322732291086,0.11984230259910499,0.17985990484309294,0.05384586557651764,0.2618015391856222
0.10008388790742705,0.1658848735478381,0.2666138215554687,0.23223329862069117,0.20698321887402027,0.1146604826518684,0.17589044495696443,0.05384586557651764,0.26878363193336874
