601,602,603,604,605,606,607,608
0.7,0.8,0.6333333333333333,0.5666666666666667,0.5666666666666667,0.16666666666666666,0.3,0.5333333333333333
0.7,0.8,0.6666666666666666,0.5666666666666667,0.5666666666666667,0.16666666666666666,0.3,0.43333333333333335
0.7333333333333333,0.5333333333333333,0.6666666666666666,0.6333333333333333,0.5666666666666667,0.16666666666666666,0.3,0.36666666666666653
0.7666666666666667,0.5666666666666667,0.7,0.6,0.6,0.16666666666666666,0.3,0.36666666666666653
0.7666666666666667,0.5666666666666667,0.7,0.6,0.5666666666666667,0.13333333333333333,0.3,0.36666666666666653
0.36666666666666653,0.5333333333333333,0.7,0.6,0.5666666666666667,0.13333333333333333,0.3333333333333333,0.36666666666666653
0.36666666666666653,0.4666666666666667,0.7,0.5333333333333333,0.5666666666666667,0.13333333333333333,0.3333333333333333,0.3333333333333333
0.36666666666666653,0.36666666666666653,0.8333333333333334,0.5,0.5666666666666667,0.13333333333333333,0.3,0.3333333333333333
0.36666666666666653,0.3333333333333333,0.8666666666666667,0.5,0.5666666666666667,0.13333333333333333,0.3,0.4
0.36666666666666653,0.3333333333333333,0.8666666666666667,0.4666666666666667,0.5333333333333333,0.16666666666666666,0.3,0.4666666666666667
0.36666666666666653,0.3333333333333333,0.8333333333333334,0.4666666666666667,0.43333333333333335,0.16666666666666666,0.3,0.4666666666666667
0.36666666666666653,0.3333333333333333,0.8333333333333334,0.43333333333333335,0.43333333333333335,0.16666666666666666,0.3,0.4
0.36666666666666653,0.3333333333333333,0.7666666666666667,0.4,0.43333333333333335,0.36666666666666653,0.36666666666666653,0.4
0.36666666666666653,0.3333333333333333,0.7666666666666667,0.3333333333333333,0.3333333333333333,0.3333333333333333,0.36666666666666653,0.4666666666666667
0.36666666666666653,0.3,0.8333333333333334,0.6,0.3333333333333333,0.3333333333333333,0.4,0.6666666666666666
0.36666666666666653,0.3,0.8333333333333334,0.6333333333333333,0.36666666666666653,0.36666666666666653,0.4,0.6666666666666666
0.4,0.3,0.8333333333333334,0.6333333333333333,0.36666666666666653,0.3333333333333333,0.43333333333333335,0.6333333333333333
0.36666666666666653,0.3,0.8,0.6333333333333333,0.36666666666666653,0.3333333333333333,0.4666666666666667,0.6333333333333333
0.36666666666666653,0.3,0.8,0.6,0.3333333333333333,0.3333333333333333,0.4,0.6333333333333333
0.36666666666666653,0.3,0.7,0.6,0.3333333333333333,0.3333333333333333,0.4,0.6333333333333333
0.3333333333333333,0.3,0.6666666666666666,0.6,0.3333333333333333,0.3333333333333333,0.4,0.6333333333333333
0.3333333333333333,0.3,0.6666666666666666,0.6333333333333333,0.3333333333333333,0.3333333333333333,0.4,0.6666666666666666
0.4,0.3,0.6666666666666666,0.6666666666666666,0.3333333333333333,0.3333333333333333,0.4666666666666667,0.6666666666666666
0.36666666666666653,0.26666666666666666,0.6,0.6666666666666666,0.26666666666666666,0.3333333333333333,0.5,0.7333333333333333
0.36666666666666653,0.26666666666666666,0.5666666666666667,0.7666666666666667,0.26666666666666666,0.3333333333333333,0.43333333333333335,0.8333333333333334
0.36666666666666653,0.2333333333333333,0.5666666666666667,0.7,0.26666666666666666,0.3333333333333333,0.43333333333333335,0.8333333333333334
0.26666666666666666,0.1,0.5,0.7666666666666667,0.26666666666666666,0.3333333333333333,0.4,0.9333333333333332
0.26666666666666666,0.13333333333333333,0.6333333333333333,0.8,0.36666666666666653,0.3333333333333333,0.3333333333333333,0.9666666666666668
0.3,0.13333333333333333,0.6666666666666666,0.8,0.2,0.3333333333333333,0.3333333333333333,0.9666666666666668
0.2333333333333333,0.13333333333333333,0.7,0.8333333333333334,0.2333333333333333,0.3333333333333333,0.5,0.9666666666666668
0.2333333333333333,0.13333333333333333,0.7,0.8333333333333334,0.2333333333333333,0.3333333333333333,0.5666666666666667,0.9666666666666668
0.2333333333333333,0.13333333333333333,0.6666666666666666,0.8333333333333334,0.3333333333333333,0.4,0.6,0.9666666666666668
0.2,0.16666666666666666,0.6666666666666666,0.7,0.3333333333333333,0.4,0.6,0.9666666666666668
0.16666666666666666,0.16666666666666666,0.6333333333333333,0.7,0.3,0.4,0.6,0.9666666666666668
0.16666666666666666,0.16666666666666666,0.7333333333333333,0.7,0.3,0.36666666666666653,0.6,1.0
0.16666666666666666,0.2,0.7333333333333333,0.7,0.26666666666666666,0.36666666666666653,0.6,1.0
0.16666666666666666,0.2,0.7,0.7666666666666667,0.26666666666666666,0.36666666666666653,0.6,1.0
0.13333333333333333,0.16666666666666666,0.5666666666666667,0.8666666666666667,0.26666666666666666,0.36666666666666653,0.6333333333333333,1.0
0.13333333333333333,0.16666666666666666,0.5333333333333333,0.9,0.26666666666666666,0.36666666666666653,0.8666666666666667,0.8333333333333334
0.13333333333333333,0.2333333333333333,0.5333333333333333,0.9,0.26666666666666666,0.3333333333333333,0.9666666666666668,0.7666666666666667
0.2,0.2333333333333333,0.6,1.0666666666666669,0.43333333333333335,0.3333333333333333,0.9666666666666668,0.7666666666666667
0.2,0.2333333333333333,0.6,1.0666666666666669,0.4666666666666667,0.3333333333333333,0.9666666666666668,0.8333333333333334
0.2,0.2333333333333333,0.6,1.0666666666666669,0.4666666666666667,0.13333333333333333,1.0,0.8333333333333334
0.2,0.26666666666666666,0.6,1.0,0.4666666666666667,0.13333333333333333,1.0,0.8
0.2,0.26666666666666666,0.5333333333333333,0.7333333333333333,0.4666666666666667,0.13333333333333333,0.9666666666666668,0.6666666666666666
0.2,0.26666666666666666,0.5666666666666667,0.7,0.43333333333333335,0.1,1.0,0.6666666666666666
0.16666666666666666,0.26666666666666666,0.5666666666666667,0.7333333333333333,0.5,0.1,0.9666666666666668,0.7
0.16666666666666666,0.26666666666666666,0.5666666666666667,0.7666666666666667,0.5,0.1,0.9666666666666668,0.7
0.2,0.26666666666666666,0.5666666666666667,0.7666666666666667,0.5,0.1,1.0,0.7
0.2333333333333333,0.2333333333333333,0.5666666666666667,0.7666666666666667,0.6666666666666666,0.1,1.0,0.7
0.26666666666666666,0.2333333333333333,0.6,0.7666666666666667,0.6666666666666666,0.1,1.0,0.7333333333333333
0.26666666666666666,0.26666666666666666,0.6333333333333333,0.7333333333333333,0.6666666666666666,0.1,1.0333333333333334,0.7666666666666667
0.2,0.26666666666666666,0.6666666666666666,0.7,0.6666666666666666,0.1,0.9666666666666668,0.7666666666666667
0.2,0.26666666666666666,0.7,0.7,0.6666666666666666,0.1,0.9333333333333332,0.7
0.2,0.3333333333333333,0.7,0.6,0.7,0.1,0.9333333333333332,0.6333333333333333
0.2,0.3333333333333333,0.8333333333333334,0.6,0.7,0.1,0.9333333333333332,0.6333333333333333
0.2333333333333333,0.3333333333333333,0.8333333333333334,0.5333333333333333,0.7,0.06666666666666668,0.9333333333333332,0.5
0.2333333333333333,0.3,0.7,0.6,0.7,0.06666666666666668,0.9,0.4
0.2,0.3,0.6666666666666666,0.6,0.7,0.1,0.9,0.4
0.2333333333333333,0.3,0.5666666666666667,0.5666666666666667,0.6666666666666666,0.1,0.7333333333333333,0.4666666666666667
0.2333333333333333,0.3,0.6,0.6333333333333333,0.6666666666666666,0.1,0.7,0.4666666666666667
0.26666666666666666,0.3333333333333333,0.7333333333333333,0.8333333333333334,0.8333333333333334,0.03333333333333333,0.7,0.7
0.26666666666666666,0.4,0.7333333333333333,0.8333333333333334,0.8333333333333334,0.03333333333333333,0.7,0.7
0.26666666666666666,0.36666666666666653,0.7333333333333333,0.8333333333333334,0.8333333333333334,0.03333333333333333,0.7,0.7
0.26666666666666666,0.43333333333333335,0.6333333333333333,0.8333333333333334,0.8333333333333334,0.03333333333333333,0.7,0.6666666666666666
0.26666666666666666,0.4,0.7666666666666667,0.8333333333333334,0.8333333333333334,0.06666666666666668,0.7,0.6666666666666666
0.26666666666666666,0.4,0.7666666666666667,0.9,0.8333333333333334,0.06666666666666668,0.7,0.6666666666666666
0.26666666666666666,0.4,0.7666666666666667,0.8666666666666667,0.8333333333333334,0.06666666666666668,0.7333333333333333,0.6666666666666666
0.26666666666666666,0.4,0.8,0.8333333333333334,0.8333333333333334,0.06666666666666668,0.5,0.6666666666666666
0.26666666666666666,0.3333333333333333,0.8333333333333334,0.8666666666666667,0.8333333333333334,0.06666666666666668,0.4,0.6666666666666666
0.2,0.36666666666666653,0.8,0.7,0.6666666666666666,0.06666666666666668,0.4,0.6333333333333333
0.2,0.43333333333333335,0.8,0.7,0.6333333333333333,0.06666666666666668,0.4,0.6666666666666666
0.2,0.43333333333333335,0.8,0.7,0.6666666666666666,0.06666666666666668,0.3,0.6666666666666666
0.2333333333333333,0.43333333333333335,0.8,0.7333333333333333,0.6666666666666666,0.06666666666666668,0.3,0.6333333333333333
0.2333333333333333,0.43333333333333335,0.8,0.7333333333333333,0.6666666666666666,0.06666666666666668,0.3,0.5666666666666667
0.2333333333333333,0.43333333333333335,0.7666666666666667,0.8,0.6666666666666666,0.06666666666666668,0.26666666666666666,0.5666666666666667
0.3333333333333333,0.43333333333333335,0.8666666666666667,0.8,0.6,0.1,0.26666666666666666,0.5333333333333333
0.3333333333333333,0.5,0.9,0.7666666666666667,0.6,0.1,0.4,0.5333333333333333
0.3,0.5,0.8,0.7333333333333333,0.6,0.1,0.4,0.5333333333333333
0.26666666666666666,0.5,0.8,0.7666666666666667,0.43333333333333335,0.1,0.5,0.5333333333333333
0.2333333333333333,0.5666666666666667,0.7666666666666667,0.9333333333333332,0.5333333333333333,0.1,0.5,0.5
0.2333333333333333,0.5333333333333333,0.8,1.0,0.5333333333333333,0.1,0.4666666666666667,0.43333333333333335
0.2333333333333333,0.5333333333333333,0.8,1.0,0.5333333333333333,0.13333333333333333,0.4666666666666667,0.43333333333333335
0.2333333333333333,0.5333333333333333,0.7666666666666667,1.0,0.5333333333333333,0.13333333333333333,0.4666666666666667,0.43333333333333335
0.2333333333333333,0.5,0.7666666666666667,1.0,0.5,0.13333333333333333,0.4666666666666667,0.4
0.2333333333333333,0.5,0.6333333333333333,1.0,0.5,0.13333333333333333,0.4666666666666667,0.4
0.2,0.5,0.6333333333333333,1.0,0.5,0.13333333333333333,0.5333333333333333,0.4
0.2333333333333333,0.5,0.6333333333333333,0.9333333333333332,0.4,0.13333333333333333,0.5333333333333333,0.43333333333333335
0.26666666666666666,0.5333333333333333,0.6333333333333333,0.9666666666666668,0.4,0.1,0.5333333333333333,0.5
0.2333333333333333,0.5333333333333333,0.6333333333333333,0.9666666666666668,0.4,0.1,0.5333333333333333,0.43333333333333335
0.2333333333333333,0.5333333333333333,0.6,0.9,0.4,0.1,0.5666666666666667,0.43333333333333335
0.2,0.5,0.4666666666666667,0.7,0.16666666666666666,0.1,0.5333333333333333,0.2
0.2,0.43333333333333335,0.4666666666666667,0.7,0.16666666666666666,0.1,0.5333333333333333,0.2
0.2,0.43333333333333335,0.4666666666666667,0.7,0.2,0.1,0.5666666666666667,0.2
0.2,0.36666666666666653,0.4666666666666667,0.7,0.2333333333333333,0.1,0.5666666666666667,0.2
0.2,0.4,0.4,0.7333333333333333,0.2333333333333333,0.06666666666666668,0.5333333333333333,0.2
0.2,0.4,0.43333333333333335,0.6,0.2333333333333333,0.06666666666666668,0.5333333333333333,0.2
0.2,0.4,0.43333333333333335,0.5333333333333333,0.2333333333333333,0.1,0.4666666666666667,0.2
0.2333333333333333,0.4,0.43333333333333335,0.5666666666666667,0.2333333333333333,0.1,0.4666666666666667,0.2
0.2333333333333333,0.4,0.4,0.5333333333333333,0.26666666666666666,0.1,0.4666666666666667,0.2
0.2333333333333333,0.36666666666666653,0.36666666666666653,0.5333333333333333,0.26666666666666666,0.1,0.4666666666666667,0.2
0.2333333333333333,0.3,0.4,0.6,0.3,0.1,0.4666666666666667,0.1
0.2333333333333333,0.3,0.4,0.6333333333333333,0.26666666666666666,0.1,0.4666666666666667,0.13333333333333333
0.2,0.26666666666666666,0.4,0.6,0.26666666666666666,0.1,0.4666666666666667,0.13333333333333333
0.2,0.26666666666666666,0.43333333333333335,0.6,0.26666666666666666,0.1,0.4666666666666667,0.16666666666666666
0.2,0.26666666666666666,0.4666666666666667,0.5333333333333333,0.26666666666666666,0.13333333333333333,0.4666666666666667,0.16666666666666666
0.1,0.36666666666666653,0.5,0.6333333333333333,0.26666666666666666,0.1,0.4666666666666667,0.16666666666666666
0.13333333333333333,0.3,0.4666666666666667,0.6333333333333333,0.26666666666666666,0.1,0.3,0.36666666666666653
0.13333333333333333,0.3,0.4666666666666667,0.6666666666666666,0.26666666666666666,0.1,0.26666666666666666,0.36666666666666653
0.13333333333333333,0.3,0.4666666666666667,0.6666666666666666,0.26666666666666666,0.1,0.16666666666666666,0.36666666666666653
0.13333333333333333,0.2333333333333333,0.5,0.6666666666666666,0.16666666666666666,0.1,0.16666666666666666,0.36666666666666653
0.13333333333333333,0.26666666666666666,0.43333333333333335,0.6333333333333333,0.16666666666666666,0.1,0.2333333333333333,0.36666666666666653
0.13333333333333333,0.26666666666666666,0.4,0.6333333333333333,0.16666666666666666,0.06666666666666668,0.2333333333333333,0.36666666666666653
0.13333333333333333,0.26666666666666666,0.4,0.7,0.2,0.06666666666666668,0.2333333333333333,0.36666666666666653
0.13333333333333333,0.2333333333333333,0.4,0.7,0.2,0.06666666666666668,0.2333333333333333,0.36666666666666653
0.13333333333333333,0.2333333333333333,0.4,0.7,0.2,0.06666666666666668,0.3333333333333333,0.36666666666666653
0.13333333333333333,0.2333333333333333,0.4,0.7333333333333333,0.2,0.06666666666666668,0.4666666666666667,0.43333333333333335
0.1,0.2333333333333333,0.4,0.7,0.26666666666666666,0.06666666666666668,0.4666666666666667,0.4
0.06666666666666668,0.2,0.43333333333333335,0.7,0.3333333333333333,0.06666666666666668,0.4666666666666667,0.3333333333333333
0.06666666666666668,0.2333333333333333,0.5,0.7666666666666667,0.3333333333333333,0.06666666666666668,0.5,0.3333333333333333
0.06666666666666668,0.2333333333333333,0.5,0.7666666666666667,0.3333333333333333,0.06666666666666668,0.43333333333333335,0.3333333333333333
0.06666666666666668,0.2333333333333333,0.5333333333333333,0.7666666666666667,0.3,0.06666666666666668,0.43333333333333335,0.3333333333333333
0.06666666666666668,0.2,0.5333333333333333,0.8,0.3,0.1,0.43333333333333335,0.3333333333333333
0.06666666666666668,0.2,0.5333333333333333,0.8333333333333334,0.26666666666666666,0.1,0.4,0.3333333333333333
0.06666666666666668,0.2,0.5333333333333333,0.8333333333333334,0.26666666666666666,0.1,0.4,0.3333333333333333
0.06666666666666668,0.2,0.4666666666666667,0.8,0.3,0.1,0.4,0.3333333333333333
0.06666666666666668,0.2,0.43333333333333335,0.8333333333333334,0.3,0.1,0.4,0.3333333333333333
0.06666666666666668,0.2,0.6,0.8666666666666667,0.3,0.06666666666666668,0.4,0.3333333333333333
0.03333333333333333,0.2,0.5666666666666667,0.8333333333333334,0.3,0.06666666666666668,0.4,0.3333333333333333
0.03333333333333333,0.2,0.5666666666666667,0.8333333333333334,0.3,0.06666666666666668,0.5,0.3333333333333333
0.03333333333333333,0.2,0.5666666666666667,0.8333333333333334,0.3,0.06666666666666668,0.5,0.3333333333333333
0.03333333333333333,0.2,0.5333333333333333,0.9333333333333332,0.26666666666666666,0.06666666666666668,0.5,0.3333333333333333
0.03333333333333333,0.2,0.5333333333333333,0.9,0.26666666666666666,0.1,0.5,0.3
0.03333333333333333,0.2,0.5333333333333333,0.9,0.26666666666666666,0.1,0.5,0.3
0.03333333333333333,0.2,0.5,0.9,0.26666666666666666,0.1,0.5,0.26666666666666666
0.03333333333333333,0.2,0.4666666666666667,0.9,0.26666666666666666,0.06666666666666668,0.5333333333333333,0.26666666666666666
0.03333333333333333,0.13333333333333333,0.3333333333333333,0.7666666666666667,0.3,0.1,0.5333333333333333,0.3333333333333333
0.0,0.13333333333333333,0.3333333333333333,0.7666666666666667,0.3,0.13333333333333333,0.5333333333333333,0.13333333333333333
0.0,0.13333333333333333,0.4,0.8333333333333334,0.3333333333333333,0.13333333333333333,0.5333333333333333,0.16666666666666666
0.0,0.13333333333333333,0.4,0.8333333333333334,0.3333333333333333,0.13333333333333333,0.5333333333333333,0.16666666666666666
0.0,0.13333333333333333,0.36666666666666653,0.6666666666666666,0.36666666666666653,0.13333333333333333,0.5333333333333333,0.16666666666666666
0.0,0.1,0.36666666666666653,0.8,0.36666666666666653,0.13333333333333333,0.4666666666666667,0.16666666666666666
0.0,0.1,0.36666666666666653,0.8,0.36666666666666653,0.13333333333333333,0.4666666666666667,0.16666666666666666
0.0,0.1,0.43333333333333335,0.7333333333333333,0.3333333333333333,0.13333333333333333,0.4666666666666667,0.16666666666666666
0.0,0.1,0.43333333333333335,0.7333333333333333,0.3333333333333333,0.13333333333333333,0.4666666666666667,0.2
0.0,0.1,0.5,0.7333333333333333,0.3333333333333333,0.13333333333333333,0.36666666666666653,0.2333333333333333
0.0,0.1,0.5333333333333333,0.7333333333333333,0.3333333333333333,0.13333333333333333,0.16666666666666666,0.26666666666666666
0.0,0.1,0.5333333333333333,0.8333333333333334,0.26666666666666666,0.13333333333333333,0.16666666666666666,0.26666666666666666
0.0,0.16666666666666666,0.5,1.1666666666666667,0.2333333333333333,0.13333333333333333,0.16666666666666666,0.26666666666666666
0.0,0.16666666666666666,0.4666666666666667,1.2,0.26666666666666666,0.13333333333333333,0.13333333333333333,0.26666666666666666
0.0,0.16666666666666666,0.5,1.3333333333333333,0.4666666666666667,0.13333333333333333,0.13333333333333333,0.4
0.0,0.2,0.5333333333333333,1.3333333333333333,0.4666666666666667,0.13333333333333333,0.13333333333333333,0.4666666666666667
0.0,0.2,0.5333333333333333,1.3,0.4666666666666667,0.1,0.13333333333333333,0.4666666666666667
0.0,0.2,0.5333333333333333,1.2666666666666666,0.4666666666666667,0.1,0.2,0.4666666666666667
0.0,0.2,0.5333333333333333,1.3,0.43333333333333335,0.1,0.2,0.4666666666666667
0.0,0.16666666666666666,0.6,1.4333333333333331,0.4,0.1,0.2,0.4666666666666667
0.0,0.16666666666666666,0.6,1.4333333333333331,0.43333333333333335,0.16666666666666666,0.2333333333333333,0.5
0.13333333333333333,0.2,0.4666666666666667,1.4,0.43333333333333335,0.2333333333333333,0.2333333333333333,0.5333333333333333
0.13333333333333333,0.2,0.5,1.4,0.43333333333333335,0.2333333333333333,0.2333333333333333,0.6333333333333333
0.13333333333333333,0.2333333333333333,0.5,1.4333333333333331,0.5,0.2333333333333333,0.13333333333333333,0.6333333333333333
0.13333333333333333,0.2333333333333333,0.5,1.4666666666666666,0.5,0.26666666666666666,0.13333333333333333,0.6333333333333333
0.13333333333333333,0.2333333333333333,0.5666666666666667,1.3666666666666667,0.5333333333333333,0.26666666666666666,0.13333333333333333,0.6666666666666666
0.13333333333333333,0.2333333333333333,0.6333333333333333,1.6333333333333333,0.6,0.2333333333333333,0.13333333333333333,0.6666666666666666
0.26666666666666666,0.2333333333333333,0.6333333333333333,1.7,0.6,0.2333333333333333,0.13333333333333333,0.6666666666666666
0.26666666666666666,0.2333333333333333,0.6333333333333333,1.7,0.6,0.2333333333333333,0.13333333333333333,0.7333333333333333
0.3,0.3,0.6333333333333333,1.7666666666666666,0.6,0.2333333333333333,0.1,0.7333333333333333
0.3333333333333333,0.26666666666666666,0.6333333333333333,1.8333333333333333,0.5666666666666667,0.26666666666666666,0.1,0.6666666666666666
0.3333333333333333,0.26666666666666666,0.6333333333333333,1.9,0.5666666666666667,0.2333333333333333,0.1,0.6666666666666666
0.36666666666666653,0.26666666666666666,0.5666666666666667,1.8333333333333333,0.5333333333333333,0.2333333333333333,0.1,0.6666666666666666
0.36666666666666653,0.3,0.5666666666666667,1.8333333333333333,0.5333333333333333,0.2333333333333333,0.1,0.6666666666666666
0.36666666666666653,0.3,0.5666666666666667,1.8333333333333333,0.5333333333333333,0.2333333333333333,0.1,0.6666666666666666
0.36666666666666653,0.3,0.5666666666666667,1.7,0.5666666666666667,0.2333333333333333,0.13333333333333333,0.6666666666666666
0.36666666666666653,0.3,0.5666666666666667,1.8666666666666667,0.6333333333333333,0.2333333333333333,0.13333333333333333,0.7
0.43333333333333335,0.4,0.5,1.8666666666666667,0.6333333333333333,0.3,0.13333333333333333,0.7
0.43333333333333335,0.4,0.5,1.8666666666666667,0.6333333333333333,0.3,0.13333333333333333,0.8333333333333334
0.43333333333333335,0.4,0.43333333333333335,1.8666666666666667,0.6333333333333333,0.3,0.13333333333333333,0.8
0.43333333333333335,0.4,0.43333333333333335,1.8666666666666667,0.6333333333333333,0.3,0.13333333333333333,0.7
0.43333333333333335,0.43333333333333335,0.43333333333333335,1.8666666666666667,0.6333333333333333,0.3,0.13333333333333333,0.7
0.43333333333333335,0.36666666666666653,0.43333333333333335,1.5,0.6,0.3,0.13333333333333333,0.7
0.43333333333333335,0.3333333333333333,0.4,1.4,0.5666666666666667,0.3,0.13333333333333333,0.7
0.43333333333333335,0.3333333333333333,0.36666666666666653,1.3,0.36666666666666653,0.36666666666666653,0.13333333333333333,0.5666666666666667
0.43333333333333335,0.3333333333333333,0.3,1.4,0.36666666666666653,0.36666666666666653,0.13333333333333333,0.6
0.43333333333333335,0.36666666666666653,0.3,1.4,0.36666666666666653,0.36666666666666653,0.13333333333333333,0.6
0.43333333333333335,0.43333333333333335,0.3,1.4666666666666666,0.4,0.36666666666666653,0.13333333333333333,0.6
0.43333333333333335,0.43333333333333335,0.3,1.4333333333333331,0.4,0.36666666666666653,0.13333333333333333,0.6333333333333333
0.43333333333333335,0.43333333333333335,0.2333333333333333,1.3333333333333333,0.4,0.36666666666666653,0.2,0.6333333333333333
0.43333333333333335,0.43333333333333335,0.2333333333333333,1.3666666666666667,0.36666666666666653,0.3,0.16666666666666666,0.6333333333333333
0.3,0.4,0.2333333333333333,1.4,0.36666666666666653,0.2333333333333333,0.16666666666666666,0.6
0.3,0.4,0.2,1.4,0.4,0.26666666666666666,0.16666666666666666,0.5
0.3,0.36666666666666653,0.26666666666666666,1.4,0.3,0.26666666666666666,0.16666666666666666,0.5
0.3,0.36666666666666653,0.26666666666666666,1.4333333333333331,0.3,0.2333333333333333,0.16666666666666666,0.5
0.3,0.36666666666666653,0.2,1.3666666666666667,0.26666666666666666,0.2333333333333333,0.16666666666666666,0.5
0.3333333333333333,0.36666666666666653,0.13333333333333333,1.1333333333333333,0.2,0.2333333333333333,0.16666666666666666,0.5
0.2,0.36666666666666653,0.13333333333333333,1.1,0.2,0.2333333333333333,0.16666666666666666,0.5
0.2,0.36666666666666653,0.13333333333333333,1.1333333333333333,0.2,0.2333333333333333,0.16666666666666666,0.5
0.16666666666666666,0.3,0.16666666666666666,1.0666666666666669,0.2,0.2333333333333333,0.16666666666666666,0.5
0.13333333333333333,0.3,0.16666666666666666,1.0,0.2333333333333333,0.16666666666666666,0.16666666666666666,0.5333333333333333
0.13333333333333333,0.3,0.16666666666666666,0.9333333333333332,0.2333333333333333,0.16666666666666666,0.16666666666666666,0.5333333333333333
0.1,0.3333333333333333,0.16666666666666666,0.9,0.2333333333333333,0.16666666666666666,0.16666666666666666,0.5
0.1,0.36666666666666653,0.16666666666666666,0.9,0.3,0.16666666666666666,0.26666666666666666,0.5666666666666667
0.1,0.36666666666666653,0.16666666666666666,0.9,0.43333333333333335,0.16666666666666666,0.26666666666666666,0.6666666666666666
0.13333333333333333,0.4,0.16666666666666666,0.9,0.4,0.16666666666666666,0.2333333333333333,0.7
0.26666666666666666,0.4,0.16666666666666666,0.7333333333333333,0.3333333333333333,0.16666666666666666,0.2333333333333333,0.6666666666666666
0.2,0.3,0.16666666666666666,0.8,0.3333333333333333,0.1,0.2333333333333333,0.6666666666666666
0.3,0.3,0.16666666666666666,0.8,0.3333333333333333,0.1,0.26666666666666666,0.5
0.3,0.4,0.16666666666666666,0.8666666666666667,0.3333333333333333,0.1,0.26666666666666666,0.5
0.3,0.4,0.16666666666666666,0.8333333333333334,0.36666666666666653,0.16666666666666666,0.3333333333333333,0.5
0.3,0.36666666666666653,0.2333333333333333,0.7333333333333333,0.36666666666666653,0.16666666666666666,0.3333333333333333,0.6
0.3,0.36666666666666653,0.3,0.7333333333333333,0.36666666666666653,0.16666666666666666,0.3333333333333333,0.6
0.3,0.36666666666666653,0.3333333333333333,0.7333333333333333,0.36666666666666653,0.2,0.36666666666666653,0.6333333333333333
0.3,0.4,0.3333333333333333,0.7,0.4,0.13333333333333333,0.36666666666666653,0.6333333333333333
0.3,0.36666666666666653,0.4,0.6,0.4,0.13333333333333333,0.36666666666666653,0.5333333333333333
0.3,0.3333333333333333,0.4,0.6,0.4,0.13333333333333333,0.43333333333333335,0.5333333333333333
0.3,0.26666666666666666,0.4,0.5666666666666667,0.36666666666666653,0.13333333333333333,0.36666666666666653,0.5333333333333333
0.3,0.26666666666666666,0.43333333333333335,0.5666666666666667,0.36666666666666653,0.13333333333333333,0.36666666666666653,0.5
0.3,0.26666666666666666,0.43333333333333335,0.5666666666666667,0.36666666666666653,0.13333333333333333,0.3,0.5666666666666667
0.3,0.26666666666666666,0.5,0.5,0.4,0.13333333333333333,0.3,0.5333333333333333
0.3,0.3,0.4666666666666667,0.4666666666666667,0.4,0.13333333333333333,0.3333333333333333,0.5333333333333333
0.3,0.3,0.5,0.5,0.36666666666666653,0.1,0.3333333333333333,0.5333333333333333
0.3,0.3,0.5333333333333333,0.4666666666666667,0.36666666666666653,0.1,0.36666666666666653,0.5666666666666667
0.3,0.3,0.5333333333333333,0.5333333333333333,0.43333333333333335,0.16666666666666666,0.36666666666666653,0.5666666666666667
0.3333333333333333,0.3,0.5333333333333333,0.6333333333333333,0.43333333333333335,0.16666666666666666,0.36666666666666653,0.5333333333333333
0.3,0.3333333333333333,0.5333333333333333,0.6333333333333333,0.43333333333333335,0.16666666666666666,0.36666666666666653,0.5333333333333333
0.3333333333333333,0.36666666666666653,0.5333333333333333,0.6,0.43333333333333335,0.16666666666666666,0.36666666666666653,0.5333333333333333
0.3333333333333333,0.36666666666666653,0.5666666666666667,0.5666666666666667,0.4666666666666667,0.2,0.36666666666666653,0.5666666666666667
0.3333333333333333,0.36666666666666653,0.5333333333333333,0.5666666666666667,0.4666666666666667,0.2,0.36666666666666653,0.5666666666666667
0.3333333333333333,0.36666666666666653,0.5666666666666667,0.5666666666666667,0.43333333333333335,0.2,0.36666666666666653,0.5666666666666667
0.3333333333333333,0.4,0.6,0.6,0.43333333333333335,0.2,0.36666666666666653,0.6666666666666666
0.36666666666666653,0.36666666666666653,0.6,0.6,0.43333333333333335,0.26666666666666666,0.36666666666666653,0.6666666666666666
0.36666666666666653,0.3,0.6,0.5666666666666667,0.4,0.26666666666666666,0.3333333333333333,0.6
0.36666666666666653,0.3,0.6,0.5666666666666667,0.2333333333333333,0.26666666666666666,0.3333333333333333,0.5
0.3333333333333333,0.26666666666666666,0.6,0.5333333333333333,0.2333333333333333,0.26666666666666666,0.3333333333333333,0.4666666666666667
0.2,0.26666666666666666,0.6,0.5666666666666667,0.2333333333333333,0.26666666666666666,0.3333333333333333,0.5
0.2,0.3,0.6,0.6,0.2333333333333333,0.3333333333333333,0.36666666666666653,0.5333333333333333
0.1,0.3,0.6,0.6,0.2333333333333333,0.3333333333333333,0.3333333333333333,0.5333333333333333
0.1,0.2,0.6333333333333333,0.5666666666666667,0.2333333333333333,0.3333333333333333,0.4666666666666667,0.5333333333333333
0.1,0.2,0.6,0.5666666666666667,0.2,0.26666666666666666,0.4,0.6
0.1,0.3,0.5666666666666667,0.6666666666666666,0.2,0.26666666666666666,0.4,0.5
0.1,0.3,0.5,0.6666666666666666,0.2,0.26666666666666666,0.4,0.5333333333333333
0.1,0.3,0.5,0.7,0.2,0.2333333333333333,0.36666666666666653,0.5
0.13333333333333333,0.3,0.5,0.7,0.16666666666666666,0.2333333333333333,0.4666666666666667,0.5666666666666667
0.13333333333333333,0.3,0.4666666666666667,0.7333333333333333,0.2,0.2333333333333333,0.4666666666666667,0.5666666666666667
0.13333333333333333,0.3333333333333333,0.4666666666666667,0.7666666666666667,0.2333333333333333,0.2333333333333333,0.4,0.5666666666666667
0.13333333333333333,0.3333333333333333,0.4666666666666667,0.7333333333333333,0.26666666666666666,0.2333333333333333,0.4,0.5666666666666667
0.13333333333333333,0.3333333333333333,0.4666666666666667,0.7666666666666667,0.26666666666666666,0.2333333333333333,0.4,0.5666666666666667
0.13333333333333333,0.4,0.5333333333333333,0.7333333333333333,0.26666666666666666,0.2333333333333333,0.4,0.6
0.13333333333333333,0.43333333333333335,0.5,0.8,0.3,0.2333333333333333,0.4,0.6666666666666666
0.13333333333333333,0.43333333333333335,0.5,0.8666666666666667,0.3,0.2333333333333333,0.36666666666666653,0.6666666666666666
0.13333333333333333,0.43333333333333335,0.4666666666666667,0.9,0.3333333333333333,0.3,0.4,0.6666666666666666
0.13333333333333333,0.5,0.4,0.9333333333333332,0.3333333333333333,0.3,0.36666666666666653,0.6666666666666666
0.16666666666666666,0.5,0.43333333333333335,0.9,0.3,0.2333333333333333,0.36666666666666653,0.6666666666666666
0.13333333333333333,0.5333333333333333,0.43333333333333335,0.8,0.3,0.2333333333333333,0.36666666666666653,0.6666666666666666
0.13333333333333333,0.5,0.43333333333333335,0.8333333333333334,0.3,0.2333333333333333,0.36666666666666653,0.6666666666666666
0.1,0.5,0.43333333333333335,0.8333333333333334,0.3,0.2333333333333333,0.4,0.7
0.1,0.5,0.4,0.8333333333333334,0.26666666666666666,0.2,0.4,0.6333333333333333
0.1,0.5,0.4,0.8333333333333334,0.26666666666666666,0.2,0.4,0.6333333333333333
0.1,0.5666666666666667,0.36666666666666653,0.8666666666666667,0.26666666666666666,0.2,0.43333333333333335,0.6
0.1,0.5333333333333333,0.3333333333333333,0.8666666666666667,0.26666666666666666,0.2,0.43333333333333335,0.6
0.06666666666666668,0.5333333333333333,0.36666666666666653,0.8666666666666667,0.26666666666666666,0.13333333333333333,0.4666666666666667,0.7
0.06666666666666668,0.5333333333333333,0.36666666666666653,0.8666666666666667,0.2333333333333333,0.13333333333333333,0.4,0.7333333333333333
0.06666666666666668,0.5333333333333333,0.36666666666666653,0.8666666666666667,0.2333333333333333,0.13333333333333333,0.4,0.7333333333333333
0.06666666666666668,0.5333333333333333,0.43333333333333335,0.8666666666666667,0.2333333333333333,0.13333333333333333,0.43333333333333335,0.7333333333333333
0.06666666666666668,0.6333333333333333,0.43333333333333335,0.8333333333333334,0.2333333333333333,0.13333333333333333,0.43333333333333335,0.7
0.06666666666666668,0.6,0.43333333333333335,0.7333333333333333,0.2333333333333333,0.06666666666666668,0.4,0.6666666666666666
0.06666666666666668,0.6,0.4666666666666667,0.8333333333333334,0.2333333333333333,0.06666666666666668,0.43333333333333335,0.6666666666666666
0.1,0.6,0.5333333333333333,0.9333333333333332,0.26666666666666666,0.06666666666666668,0.3,0.6666666666666666
0.1,0.6,0.5666666666666667,0.9666666666666668,0.26666666666666666,0.06666666666666668,0.3,0.6
0.1,0.5666666666666667,0.5333333333333333,0.8666666666666667,0.26666666666666666,0.06666666666666668,0.3,0.6
0.1,0.5666666666666667,0.5333333333333333,0.8666666666666667,0.26666666666666666,0.06666666666666668,0.3333333333333333,0.5666666666666667
0.13333333333333333,0.5666666666666667,0.5333333333333333,0.8333333333333334,0.26666666666666666,0.06666666666666668,0.3333333333333333,0.5666666666666667
0.13333333333333333,0.5666666666666667,0.5333333333333333,0.8666666666666667,0.26666666666666666,0.06666666666666668,0.2333333333333333,0.5666666666666667
0.13333333333333333,0.5666666666666667,0.5,0.8333333333333334,0.2333333333333333,0.06666666666666668,0.6,0.5666666666666667
0.13333333333333333,0.5333333333333333,0.5333333333333333,0.8,0.2,0.06666666666666668,0.6,0.5666666666666667
0.16666666666666666,0.5333333333333333,0.5333333333333333,0.8,0.16666666666666666,0.06666666666666668,0.6,0.5666666666666667
0.16666666666666666,0.5333333333333333,0.5,0.7666666666666667,0.16666666666666666,0.06666666666666668,0.6,0.6333333333333333
0.16666666666666666,0.4666666666666667,0.4666666666666667,0.7666666666666667,0.2,0.06666666666666668,0.6,0.5333333333333333
0.16666666666666666,0.43333333333333335,0.43333333333333335,0.7,0.16666666666666666,0.06666666666666668,0.6,0.4666666666666667
0.16666666666666666,0.4,0.4666666666666667,0.6333333333333333,0.16666666666666666,0.06666666666666668,0.6333333333333333,0.4666666666666667
0.16666666666666666,0.4,0.4666666666666667,0.5666666666666667,0.13333333333333333,0.0,0.6,0.4666666666666667
0.16666666666666666,0.3333333333333333,0.4666666666666667,0.5333333333333333,0.13333333333333333,0.0,0.6,0.43333333333333335
0.13333333333333333,0.3333333333333333,0.43333333333333335,0.43333333333333335,0.1,0.03333333333333333,0.6,0.43333333333333335
0.13333333333333333,0.3333333333333333,0.43333333333333335,0.43333333333333335,0.13333333333333333,0.03333333333333333,0.6,0.4666666666666667
0.13333333333333333,0.3333333333333333,0.5,0.36666666666666653,0.16666666666666666,0.03333333333333333,0.6,0.5
0.13333333333333333,0.3,0.5,0.36666666666666653,0.16666666666666666,0.1,0.5666666666666667,0.5
0.26666666666666666,0.3333333333333333,0.5333333333333333,0.36666666666666653,0.16666666666666666,0.1,0.6,0.4666666666666667
0.43333333333333335,0.3333333333333333,0.5666666666666667,0.36666666666666653,0.16666666666666666,0.1,0.6,0.4666666666666667
0.43333333333333335,0.26666666666666666,0.5666666666666667,0.3333333333333333,0.16666666666666666,0.1,0.5666666666666667,0.4666666666666667
0.43333333333333335,0.26666666666666666,0.6,0.3,0.16666666666666666,0.1,0.5666666666666667,0.36666666666666653
0.43333333333333335,0.26666666666666666,0.5666666666666667,0.3,0.16666666666666666,0.1,0.5333333333333333,0.3
0.43333333333333335,0.3,0.5666666666666667,0.3,0.16666666666666666,0.1,0.5666666666666667,0.26666666666666666
0.43333333333333335,0.3333333333333333,0.6,0.3,0.16666666666666666,0.1,0.6,0.26666666666666666
0.43333333333333335,0.3333333333333333,0.5333333333333333,0.3,0.16666666666666666,0.1,0.5666666666666667,0.3
0.43333333333333335,0.2333333333333333,0.5666666666666667,0.4,0.16666666666666666,0.1,0.5666666666666667,0.3
0.43333333333333335,0.2333333333333333,0.5666666666666667,0.4,0.16666666666666666,0.1,0.5666666666666667,0.3
0.43333333333333335,0.2333333333333333,0.5333333333333333,0.3333333333333333,0.16666666666666666,0.1,0.5333333333333333,0.3333333333333333
0.4,0.2333333333333333,0.4666666666666667,0.2,0.13333333333333333,0.2,0.5333333333333333,0.36666666666666653
0.4,0.2333333333333333,0.4666666666666667,0.2333333333333333,0.16666666666666666,0.2,0.5666666666666667,0.36666666666666653
0.4,0.2,0.5333333333333333,0.2333333333333333,0.2,0.2,0.5666666666666667,0.36666666666666653
0.43333333333333335,0.2,0.6,0.3333333333333333,0.2,0.2,0.5333333333333333,0.36666666666666653
0.4,0.3,0.5666666666666667,0.36666666666666653,0.2,0.2333333333333333,0.5333333333333333,0.36666666666666653
0.36666666666666653,0.26666666666666666,0.6,0.4,0.2,0.2333333333333333,0.5333333333333333,0.4
0.36666666666666653,0.26666666666666666,0.6,0.4,0.2,0.26666666666666666,0.16666666666666666,0.4
0.36666666666666653,0.26666666666666666,0.5666666666666667,0.4,0.2,0.26666666666666666,0.2,0.4
0.3333333333333333,0.26666666666666666,0.5666666666666667,0.4666666666666667,0.2,0.26666666666666666,0.2,0.4
0.3333333333333333,0.26666666666666666,0.5666666666666667,0.4666666666666667,0.2,0.26666666666666666,0.3333333333333333,0.3333333333333333
0.3333333333333333,0.26666666666666666,0.5333333333333333,0.5333333333333333,0.16666666666666666,0.26666666666666666,0.43333333333333335,0.3333333333333333
0.3333333333333333,0.26666666666666666,0.5333333333333333,0.5666666666666667,0.13333333333333333,0.26666666666666666,0.43333333333333335,0.3333333333333333
0.3333333333333333,0.26666666666666666,0.5666666666666667,0.5666666666666667,0.13333333333333333,0.26666666666666666,0.4,0.3333333333333333
0.3333333333333333,0.26666666666666666,0.7333333333333333,0.5666666666666667,0.13333333333333333,0.26666666666666666,0.43333333333333335,0.3333333333333333
0.36666666666666653,0.3,0.7333333333333333,0.5666666666666667,0.13333333333333333,0.26666666666666666,0.43333333333333335,0.36666666666666653
0.36666666666666653,0.3,0.7666666666666667,0.5666666666666667,0.13333333333333333,0.2333333333333333,0.43333333333333335,0.36666666666666653
0.36666666666666653,0.26666666666666666,0.7666666666666667,0.5666666666666667,0.13333333333333333,0.2333333333333333,0.43333333333333335,0.3333333333333333
0.36666666666666653,0.26666666666666666,0.7,0.5666666666666667,0.13333333333333333,0.2333333333333333,0.43333333333333335,0.3333333333333333
0.36666666666666653,0.3333333333333333,0.7333333333333333,0.5666666666666667,0.13333333333333333,0.16666666666666666,0.43333333333333335,0.3
0.2333333333333333,0.3,0.7666666666666667,0.5666666666666667,0.13333333333333333,0.16666666666666666,0.4,0.3
0.06666666666666668,0.3,0.7333333333333333,0.7,0.16666666666666666,0.16666666666666666,0.43333333333333335,0.3
0.06666666666666668,0.3,0.7333333333333333,0.7,0.16666666666666666,0.16666666666666666,0.43333333333333335,0.3333333333333333
0.1,0.3,0.7,0.7,0.16666666666666666,0.16666666666666666,0.43333333333333335,0.3333333333333333
0.13333333333333333,0.3,0.7333333333333333,0.7,0.16666666666666666,0.16666666666666666,0.43333333333333335,0.3
0.2333333333333333,0.26666666666666666,0.7333333333333333,0.7,0.16666666666666666,0.16666666666666666,0.4,0.3
0.2333333333333333,0.2333333333333333,0.7666666666666667,0.7333333333333333,0.16666666666666666,0.2,0.36666666666666653,0.3
0.2333333333333333,0.2333333333333333,0.7666666666666667,0.7333333333333333,0.16666666666666666,0.2,0.36666666666666653,0.26666666666666666
0.2333333333333333,0.2333333333333333,0.8333333333333334,0.7666666666666667,0.16666666666666666,0.2,0.36666666666666653,0.26666666666666666
0.2333333333333333,0.2333333333333333,0.8333333333333334,0.8333333333333334,0.2,0.2,0.36666666666666653,0.26666666666666666
0.2333333333333333,0.2333333333333333,0.9333333333333332,0.8333333333333334,0.2,0.2333333333333333,0.36666666666666653,0.3
0.2333333333333333,0.3333333333333333,0.9,0.9,0.2333333333333333,0.2,0.36666666666666653,0.26666666666666666
0.2333333333333333,0.3333333333333333,0.9,0.8333333333333334,0.2,0.2,0.36666666666666653,0.26666666666666666
0.2333333333333333,0.3,0.9333333333333332,0.8333333333333334,0.16666666666666666,0.2,0.36666666666666653,0.26666666666666666
0.2,0.3,0.8666666666666667,0.8666666666666667,0.16666666666666666,0.2,0.36666666666666653,0.26666666666666666
0.2,0.2,0.9333333333333332,0.8666666666666667,0.16666666666666666,0.16666666666666666,0.36666666666666653,0.26666666666666666
0.2,0.2,0.9,0.9,0.16666666666666666,0.16666666666666666,0.36666666666666653,0.26666666666666666
0.2333333333333333,0.2,0.9333333333333332,0.9,0.2333333333333333,0.13333333333333333,0.4666666666666667,0.3
0.2333333333333333,0.4,0.9333333333333332,0.9666666666666668,0.2333333333333333,0.13333333333333333,0.43333333333333335,0.3
0.3,0.4,0.9333333333333332,0.9,0.2333333333333333,0.13333333333333333,0.43333333333333335,0.3
0.3,0.4,0.9333333333333332,0.9333333333333332,0.2333333333333333,0.13333333333333333,0.3,0.36666666666666653
0.3333333333333333,0.43333333333333335,0.9666666666666668,0.8666666666666667,0.2333333333333333,0.13333333333333333,0.2,0.4666666666666667
0.4,0.43333333333333335,0.9666666666666668,0.8666666666666667,0.2333333333333333,0.2,0.2,0.4666666666666667
0.4,0.43333333333333335,0.9,0.8666666666666667,0.26666666666666666,0.2,0.2,0.4666666666666667
0.4,0.43333333333333335,0.8,0.8666666666666667,0.26666666666666666,0.2,0.16666666666666666,0.4666666666666667
0.36666666666666653,0.43333333333333335,0.7666666666666667,0.9666666666666668,0.26666666666666666,0.2,0.16666666666666666,0.43333333333333335
0.36666666666666653,0.43333333333333335,0.7333333333333333,1.0,0.26666666666666666,0.2,0.16666666666666666,0.43333333333333335
0.4,0.43333333333333335,0.7666666666666667,1.0,0.2333333333333333,0.2,0.16666666666666666,0.43333333333333335
0.4,0.4666666666666667,0.8,1.0,0.2333333333333333,0.2,0.26666666666666666,0.43333333333333335
0.4,0.43333333333333335,0.8333333333333334,1.0,0.26666666666666666,0.2333333333333333,0.26666666666666666,0.43333333333333335
0.4,0.4666666666666667,0.7666666666666667,1.0,0.26666666666666666,0.2333333333333333,0.26666666666666666,0.43333333333333335
0.4,0.4666666666666667,0.7666666666666667,0.9333333333333332,0.26666666666666666,0.2333333333333333,0.2333333333333333,0.4666666666666667
0.4,0.4666666666666667,0.8,0.9333333333333332,0.26666666666666666,0.2333333333333333,0.26666666666666666,0.43333333333333335
0.36666666666666653,0.5,0.8333333333333334,0.9333333333333332,0.26666666666666666,0.2333333333333333,0.26666666666666666,0.43333333333333335
0.36666666666666653,0.5,0.8333333333333334,1.0666666666666669,0.3333333333333333,0.2333333333333333,0.36666666666666653,0.43333333333333335
0.26666666666666666,0.5,0.8666666666666667,1.1,0.43333333333333335,0.2333333333333333,0.36666666666666653,0.43333333333333335
0.26666666666666666,0.5,0.8,1.0666666666666669,0.43333333333333335,0.2,0.36666666666666653,0.5
0.26666666666666666,0.5,0.8666666666666667,1.0666666666666669,0.5333333333333333,0.2,0.4,0.5
0.26666666666666666,0.5,0.9,1.0,0.6,0.2,0.4,0.6
0.26666666666666666,0.5,1.0,0.9666666666666668,0.6333333333333333,0.2,0.43333333333333335,0.6
0.26666666666666666,0.5,0.9333333333333332,0.9333333333333332,0.6666666666666666,0.16666666666666666,0.43333333333333335,0.5333333333333333
0.26666666666666666,0.4,1.0333333333333334,1.1,0.6666666666666666,0.1,0.43333333333333335,0.5666666666666667
0.26666666666666666,0.4,1.0,1.1,0.6666666666666666,0.1,0.4,0.5666666666666667
0.26666666666666666,0.43333333333333335,1.0,1.1333333333333333,0.6666666666666666,0.1,0.4,0.5666666666666667
0.26666666666666666,0.43333333333333335,1.0333333333333334,1.0,0.6666666666666666,0.1,0.4,0.5666666666666667
0.26666666666666666,0.43333333333333335,0.9666666666666668,0.9666666666666668,0.6666666666666666,0.1,0.4,0.5666666666666667
0.26666666666666666,0.43333333333333335,1.0,0.9666666666666668,0.7666666666666667,0.1,0.4,0.4666666666666667
0.2333333333333333,0.5,1.0666666666666669,1.1,0.7,0.16666666666666666,0.3333333333333333,0.43333333333333335
0.2333333333333333,0.36666666666666653,1.0666666666666669,1.0333333333333334,0.7,0.16666666666666666,0.3333333333333333,0.7
0.16666666666666666,0.4,1.2333333333333334,1.7,0.8,0.16666666666666666,0.36666666666666653,0.7333333333333333
0.16666666666666666,0.4,1.2666666666666666,1.6666666666666667,0.8,0.16666666666666666,0.4,0.7
0.13333333333333333,0.36666666666666653,1.2333333333333334,1.6666666666666667,0.8333333333333334,0.16666666666666666,0.4,0.6
0.06666666666666668,0.4,1.2333333333333334,1.7,0.8333333333333334,0.1,0.4,0.6
0.06666666666666668,0.4,1.2333333333333334,1.7,0.8,0.1,0.43333333333333335,0.6
0.06666666666666668,0.4,1.1666666666666667,1.7,0.8,0.1,0.43333333333333335,0.6333333333333333
0.06666666666666668,0.36666666666666653,1.1666666666666667,1.6,0.8,0.1,0.43333333333333335,0.7
0.1,0.36666666666666653,1.2333333333333334,1.5666666666666669,0.8,0.1,0.43333333333333335,0.7
0.06666666666666668,0.36666666666666653,1.2666666666666666,1.6333333333333333,0.8,0.1,0.43333333333333335,0.7
0.06666666666666668,0.3333333333333333,1.2666666666666666,1.6666666666666667,0.7666666666666667,0.1,0.3333333333333333,0.6666666666666666
0.16666666666666666,0.3,1.2,1.6666666666666667,0.7666666666666667,0.06666666666666668,0.36666666666666653,0.8
0.16666666666666666,0.26666666666666666,1.2,1.8333333333333333,0.7666666666666667,0.06666666666666668,0.36666666666666653,0.8333333333333334
0.16666666666666666,0.26666666666666666,1.2666666666666666,1.8,0.7333333333333333,0.06666666666666668,0.36666666666666653,0.8333333333333334
0.16666666666666666,0.26666666666666666,1.2333333333333334,1.8,0.8,0.06666666666666668,0.3333333333333333,0.8333333333333334
0.16666666666666666,0.2333333333333333,1.2666666666666666,1.8,0.8,0.06666666666666668,0.36666666666666653,0.8333333333333334
0.13333333333333333,0.2333333333333333,1.2333333333333334,1.6666666666666667,0.7333333333333333,0.06666666666666668,0.26666666666666666,0.8333333333333334
0.13333333333333333,0.2333333333333333,1.3,1.6333333333333333,0.6333333333333333,0.06666666666666668,0.26666666666666666,0.8333333333333334
0.16666666666666666,0.3333333333333333,1.3,1.6666666666666667,0.6333333333333333,0.1,0.26666666666666666,0.7666666666666667
0.16666666666666666,0.36666666666666653,1.2333333333333334,1.6666666666666667,0.5333333333333333,0.1,0.26666666666666666,0.7666666666666667
0.16666666666666666,0.36666666666666653,1.1,1.6,0.4666666666666667,0.1,0.3333333333333333,0.6666666666666666
0.16666666666666666,0.4,1.0,1.5666666666666669,0.4,0.1,0.3,0.6666666666666666
0.16666666666666666,0.4,1.0,1.5666666666666669,0.36666666666666653,0.2333333333333333,0.3333333333333333,0.6666666666666666
0.16666666666666666,0.4,0.9,1.3333333333333333,0.3333333333333333,0.2333333333333333,0.3333333333333333,0.6333333333333333
0.16666666666666666,0.4,0.9,1.3333333333333333,0.3333333333333333,0.2333333333333333,0.43333333333333335,0.6333333333333333
0.16666666666666666,0.36666666666666653,0.8,1.3,0.3333333333333333,0.3,0.4666666666666667,0.6333333333333333
0.16666666666666666,0.36666666666666653,0.8,1.4,0.36666666666666653,0.3333333333333333,0.5,0.6333333333333333
0.16666666666666666,0.36666666666666653,0.8333333333333334,1.5,0.4,0.3333333333333333,0.5,0.6333333333333333
0.2,0.4,0.8,1.4,0.3,0.3333333333333333,0.5333333333333333,0.7333333333333333
0.2,0.3333333333333333,0.7,1.2666666666666666,0.3,0.26666666666666666,0.5333333333333333,0.7333333333333333
0.2333333333333333,0.3333333333333333,0.7333333333333333,1.4,0.3,0.26666666666666666,0.5333333333333333,0.5
0.2333333333333333,0.3,0.5666666666666667,0.7333333333333333,0.2,0.26666666666666666,0.5666666666666667,0.4666666666666667
0.2333333333333333,0.3,0.5666666666666667,0.7333333333333333,0.2,0.26666666666666666,0.5333333333333333,0.43333333333333335
0.26666666666666666,0.3,0.5666666666666667,0.7333333333333333,0.16666666666666666,0.3333333333333333,0.5333333333333333,0.43333333333333335
0.26666666666666666,0.43333333333333335,0.6666666666666666,0.6666666666666666,0.16666666666666666,0.3333333333333333,0.5333333333333333,0.43333333333333335
0.26666666666666666,0.43333333333333335,0.6666666666666666,0.6666666666666666,0.16666666666666666,0.3333333333333333,0.5,0.43333333333333335
0.26666666666666666,0.43333333333333335,0.6666666666666666,0.6666666666666666,0.16666666666666666,0.3333333333333333,0.5,0.43333333333333335
0.26666666666666666,0.43333333333333335,0.6666666666666666,0.6666666666666666,0.16666666666666666,0.3333333333333333,0.5333333333333333,0.36666666666666653
0.2333333333333333,0.43333333333333335,0.6,0.6666666666666666,0.16666666666666666,0.36666666666666653,0.5333333333333333,0.36666666666666653
0.2333333333333333,0.43333333333333335,0.5666666666666667,0.6,0.16666666666666666,0.36666666666666653,0.5333333333333333,0.36666666666666653
0.2333333333333333,0.43333333333333335,0.6,0.6666666666666666,0.2,0.36666666666666653,0.5333333333333333,0.36666666666666653
0.13333333333333333,0.43333333333333335,0.6333333333333333,0.6666666666666666,0.16666666666666666,0.36666666666666653,0.5,0.2333333333333333
0.2,0.4666666666666667,0.6333333333333333,0.6,0.2,0.36666666666666653,0.5,0.2333333333333333
0.2,0.4666666666666667,0.6666666666666666,0.5666666666666667,0.2,0.36666666666666653,0.5,0.2
0.2,0.4666666666666667,0.6666666666666666,0.5666666666666667,0.13333333333333333,0.36666666666666653,0.5,0.2
0.2,0.4666666666666667,0.6,0.6,0.13333333333333333,0.4,0.4666666666666667,0.2
0.2,0.5333333333333333,0.6,0.6666666666666666,0.13333333333333333,0.4,0.5333333333333333,0.2
0.2,0.6,0.5,0.7,0.13333333333333333,0.4,0.5333333333333333,0.2333333333333333
0.16666666666666666,0.5,0.6333333333333333,0.6666666666666666,0.13333333333333333,0.36666666666666653,0.5333333333333333,0.2333333333333333
0.16666666666666666,0.5666666666666667,0.6333333333333333,0.6666666666666666,0.13333333333333333,0.36666666666666653,0.5,0.2333333333333333
0.16666666666666666,0.5666666666666667,0.6666666666666666,0.6666666666666666,0.16666666666666666,0.36666666666666653,0.43333333333333335,0.2333333333333333
0.16666666666666666,0.5666666666666667,0.7,0.6666666666666666,0.16666666666666666,0.36666666666666653,0.43333333333333335,0.2333333333333333
0.16666666666666666,0.5666666666666667,0.6666666666666666,0.6666666666666666,0.16666666666666666,0.26666666666666666,0.4,0.2333333333333333
0.16666666666666666,0.5666666666666667,0.7333333333333333,0.9666666666666668,0.16666666666666666,0.3,0.43333333333333335,0.2333333333333333
0.16666666666666666,0.5666666666666667,0.7333333333333333,0.9666666666666668,0.16666666666666666,0.3,0.3333333333333333,0.26666666666666666
0.16666666666666666,0.5666666666666667,0.7666666666666667,0.9666666666666668,0.26666666666666666,0.26666666666666666,0.3,0.3
0.16666666666666666,0.5666666666666667,0.7666666666666667,0.9,0.26666666666666666,0.2333333333333333,0.26666666666666666,0.3
0.16666666666666666,0.5666666666666667,0.7333333333333333,0.9,0.2333333333333333,0.2333333333333333,0.36666666666666653,0.3
0.16666666666666666,0.5333333333333333,0.7333333333333333,0.9666666666666668,0.2333333333333333,0.2333333333333333,0.3333333333333333,0.2
0.2,0.5333333333333333,0.8,0.9666666666666668,0.2333333333333333,0.26666666666666666,0.3,0.2
0.16666666666666666,0.4666666666666667,0.8,0.8333333333333334,0.2333333333333333,0.26666666666666666,0.3,0.2
0.16666666666666666,0.5666666666666667,0.8,0.8333333333333334,0.26666666666666666,0.3,0.2333333333333333,0.2333333333333333
0.2,0.5666666666666667,0.8333333333333334,0.8333333333333334,0.26666666666666666,0.3,0.2333333333333333,0.2333333333333333
0.16666666666666666,0.5666666666666667,0.8333333333333334,0.8333333333333334,0.26666666666666666,0.2333333333333333,0.26666666666666666,0.26666666666666666
0.26666666666666666,0.5,0.8,0.9666666666666668,0.4,0.26666666666666666,0.43333333333333335,0.4
0.26666666666666666,0.5,0.8,0.9666666666666668,0.4,0.26666666666666666,0.4666666666666667,0.4
0.26666666666666666,0.5333333333333333,0.8,0.9666666666666668,0.4,0.26666666666666666,0.4666666666666667,0.43333333333333335
0.3333333333333333,0.5333333333333333,0.8,0.9666666666666668,0.4,0.26666666666666666,0.4666666666666667,0.4666666666666667
0.5,0.5333333333333333,0.8,0.9666666666666668,0.4,0.2333333333333333,0.4666666666666667,0.4666666666666667
0.5,0.5666666666666667,0.8333333333333334,1.0333333333333334,0.4,0.2333333333333333,0.4666666666666667,0.6333333333333333
0.5,0.6,0.7666666666666667,0.9333333333333332,0.36666666666666653,0.2333333333333333,0.4666666666666667,0.6333333333333333
0.5,0.6,0.7333333333333333,0.9666666666666668,0.36666666666666653,0.2333333333333333,0.4666666666666667,0.6333333333333333
0.43333333333333335,0.5666666666666667,0.7333333333333333,1.0,0.3333333333333333,0.2333333333333333,0.5,0.6
0.43333333333333335,0.5666666666666667,0.6333333333333333,1.0333333333333334,0.3333333333333333,0.2333333333333333,0.5333333333333333,0.6
0.43333333333333335,0.6,0.6333333333333333,1.0333333333333334,0.3333333333333333,0.2333333333333333,0.6666666666666666,0.6
0.43333333333333335,0.6,0.6333333333333333,1.0,0.3333333333333333,0.2,0.6666666666666666,0.6
0.43333333333333335,0.5333333333333333,0.6333333333333333,0.9333333333333332,0.3333333333333333,0.2,0.6333333333333333,0.6
0.43333333333333335,0.4666666666666667,0.7333333333333333,0.9333333333333332,0.36666666666666653,0.2,0.6333333333333333,0.5666666666666667
0.43333333333333335,0.4666666666666667,0.6,0.9666666666666668,0.36666666666666653,0.2,0.6333333333333333,0.5666666666666667
0.43333333333333335,0.36666666666666653,0.6,1.0333333333333334,0.36666666666666653,0.2,0.6333333333333333,0.5666666666666667
0.43333333333333335,0.36666666666666653,0.5666666666666667,1.0333333333333334,0.3333333333333333,0.2,0.6333333333333333,0.5666666666666667
0.43333333333333335,0.36666666666666653,0.5666666666666667,1.0666666666666669,0.3333333333333333,0.2,0.6333333333333333,0.6
0.43333333333333335,0.36666666666666653,0.6,1.1666666666666667,0.3333333333333333,0.16666666666666666,0.6666666666666666,0.9666666666666668
0.43333333333333335,0.36666666666666653,0.5666666666666667,0.9,0.3333333333333333,0.13333333333333333,0.6333333333333333,1.0666666666666669
0.43333333333333335,0.36666666666666653,0.5666666666666667,0.9,0.4,0.13333333333333333,0.6333333333333333,1.1
0.43333333333333335,0.4,0.5333333333333333,0.9,0.3,0.1,0.6333333333333333,1.0666666666666669
0.4666666666666667,0.4666666666666667,0.8666666666666667,0.8666666666666667,0.4666666666666667,0.1,0.6333333333333333,1.0666666666666669
0.4666666666666667,0.4666666666666667,0.8666666666666667,0.7666666666666667,0.4666666666666667,0.1,0.5333333333333333,1.0666666666666669
0.43333333333333335,0.5333333333333333,0.8666666666666667,0.7,0.5,0.13333333333333333,0.5333333333333333,1.0666666666666669
0.4,0.6,0.8333333333333334,0.7333333333333333,0.6,0.1,0.5333333333333333,1.1
0.4,0.6,0.8666666666666667,0.7333333333333333,0.6666666666666666,0.1,0.5666666666666667,1.0666666666666669
0.4,0.5,0.8666666666666667,0.7333333333333333,0.6333333333333333,0.06666666666666668,0.5666666666666667,1.0333333333333334
0.36666666666666653,0.5,0.8,0.7333333333333333,0.6333333333333333,0.06666666666666668,0.5666666666666667,1.0333333333333334
0.36666666666666653,0.5,0.8,0.7333333333333333,0.6333333333333333,0.06666666666666668,0.5333333333333333,1.0
0.26666666666666666,0.4,0.7333333333333333,0.6,0.5,0.06666666666666668,0.36666666666666653,0.8666666666666667
0.26666666666666666,0.4,0.7333333333333333,0.6,0.5666666666666667,0.06666666666666668,0.3333333333333333,0.8666666666666667
0.26666666666666666,0.36666666666666653,0.7333333333333333,0.7,0.5666666666666667,0.06666666666666668,0.3333333333333333,0.8
0.2333333333333333,0.36666666666666653,0.7333333333333333,0.7,0.5666666666666667,0.06666666666666668,0.3,0.8
0.06666666666666668,0.36666666666666653,0.7333333333333333,0.7333333333333333,0.5666666666666667,0.06666666666666668,0.4,0.8
0.1,0.36666666666666653,0.8,0.8,0.6666666666666666,0.06666666666666668,0.4,0.6333333333333333
0.1,0.3333333333333333,0.8,0.8666666666666667,0.7,0.06666666666666668,0.4,0.6333333333333333
0.1,0.36666666666666653,0.8,0.8666666666666667,0.7,0.06666666666666668,0.4,0.6333333333333333
0.1,0.36666666666666653,0.8,0.7333333333333333,0.7333333333333333,0.06666666666666668,0.36666666666666653,0.6333333333333333
0.1,0.36666666666666653,0.8,0.7,0.7333333333333333,0.06666666666666668,0.3333333333333333,0.6333333333333333
0.1,0.3333333333333333,0.8,0.7,0.7333333333333333,0.06666666666666668,0.26666666666666666,0.6333333333333333
0.1,0.3333333333333333,0.8,0.7,0.7333333333333333,0.06666666666666668,0.26666666666666666,0.6333333333333333
0.1,0.3333333333333333,0.8,0.7666666666666667,0.8,0.06666666666666668,0.2333333333333333,0.6333333333333333
0.1,0.36666666666666653,0.7,0.8,0.7666666666666667,0.06666666666666668,0.2333333333333333,0.6666666666666666
0.2,0.4,0.7333333333333333,0.7666666666666667,0.7666666666666667,0.06666666666666668,0.2333333333333333,0.6666666666666666
0.2,0.4,0.7333333333333333,0.7333333333333333,0.7666666666666667,0.06666666666666668,0.2333333333333333,0.6666666666666666
0.2,0.4,0.7333333333333333,0.7333333333333333,0.7666666666666667,0.06666666666666668,0.2333333333333333,0.6666666666666666
0.2,0.36666666666666653,0.7333333333333333,0.7333333333333333,0.7666666666666667,0.06666666666666668,0.2333333333333333,0.6333333333333333
0.2,0.36666666666666653,0.7,0.7,0.7666666666666667,0.06666666666666668,0.2,0.26666666666666666
0.2,0.4,0.7333333333333333,0.6666666666666666,0.7666666666666667,0.06666666666666668,0.2,0.16666666666666666
0.2,0.4,0.7666666666666667,0.7,0.7,0.06666666666666668,0.2,0.1
0.2,0.36666666666666653,0.9,0.7,0.7,0.06666666666666668,0.26666666666666666,0.1
0.16666666666666666,0.3,0.5666666666666667,0.7,0.5333333333333333,0.06666666666666668,0.26666666666666666,0.1
0.3,0.3,0.6,0.7,0.5333333333333333,0.06666666666666668,0.26666666666666666,0.13333333333333333
0.3333333333333333,0.2333333333333333,0.6,0.8666666666666667,0.5,0.03333333333333333,0.26666666666666666,0.13333333333333333
0.3333333333333333,0.16666666666666666,0.5666666666666667,0.8333333333333334,0.4,0.03333333333333333,0.26666666666666666,0.1
0.3333333333333333,0.2,0.5666666666666667,0.8333333333333334,0.3333333333333333,0.03333333333333333,0.2333333333333333,0.1
0.3333333333333333,0.2,0.5666666666666667,0.8333333333333334,0.3333333333333333,0.03333333333333333,0.2333333333333333,0.1
0.3333333333333333,0.2,0.6,0.8333333333333334,0.3333333333333333,0.03333333333333333,0.2333333333333333,0.1
0.3333333333333333,0.2,0.6,0.8666666666666667,0.36666666666666653,0.03333333333333333,0.2333333333333333,0.13333333333333333
0.3333333333333333,0.2333333333333333,0.6,0.9333333333333332,0.36666666666666653,0.0,0.2333333333333333,0.13333333333333333
0.3333333333333333,0.2333333333333333,0.6,0.9666666666666668,0.3,0.0,0.2333333333333333,0.13333333333333333
0.3333333333333333,0.2333333333333333,0.6,0.8666666666666667,0.3,0.0,0.2333333333333333,0.13333333333333333
0.3,0.2333333333333333,0.6,0.8666666666666667,0.3,0.0,0.2333333333333333,0.1
0.3,0.2333333333333333,0.6,0.8333333333333334,0.3,0.0,0.13333333333333333,0.1
0.26666666666666666,0.2,0.4666666666666667,0.7333333333333333,0.2333333333333333,0.0,0.13333333333333333,0.1
0.26666666666666666,0.2,0.4666666666666667,0.6666666666666666,0.2,0.0,0.13333333333333333,0.13333333333333333
0.26666666666666666,0.16666666666666666,0.5333333333333333,0.6333333333333333,0.2333333333333333,0.0,0.13333333333333333,0.13333333333333333
0.26666666666666666,0.16666666666666666,0.5333333333333333,0.6333333333333333,0.3333333333333333,0.13333333333333333,0.13333333333333333,0.13333333333333333
0.26666666666666666,0.16666666666666666,0.5666666666666667,0.6666666666666666,0.3333333333333333,0.13333333333333333,0.13333333333333333,0.13333333333333333
0.26666666666666666,0.16666666666666666,0.5666666666666667,0.6666666666666666,0.3333333333333333,0.13333333333333333,0.1,0.13333333333333333
0.26666666666666666,0.16666666666666666,0.5666666666666667,0.7,0.3333333333333333,0.13333333333333333,0.1,0.13333333333333333
0.26666666666666666,0.16666666666666666,0.5666666666666667,0.6333333333333333,0.26666666666666666,0.16666666666666666,0.13333333333333333,0.13333333333333333
0.43333333333333335,0.13333333333333333,0.6333333333333333,0.5666666666666667,0.26666666666666666,0.16666666666666666,0.16666666666666666,0.1
0.3333333333333333,0.1,0.6333333333333333,0.6333333333333333,0.26666666666666666,0.16666666666666666,0.16666666666666666,0.1
0.3333333333333333,0.1,0.6333333333333333,0.7666666666666667,0.26666666666666666,0.16666666666666666,0.16666666666666666,0.1
0.3333333333333333,0.1,0.6333333333333333,0.9333333333333332,0.3,0.16666666666666666,0.16666666666666666,0.13333333333333333
0.3333333333333333,0.13333333333333333,0.6333333333333333,0.9,0.36666666666666653,0.3,0.16666666666666666,0.13333333333333333
0.3333333333333333,0.13333333333333333,0.6333333333333333,0.8333333333333334,0.36666666666666653,0.3,0.16666666666666666,0.13333333333333333
0.3333333333333333,0.1,0.5666666666666667,0.8333333333333334,0.36666666666666653,0.3,0.2,0.13333333333333333
0.3333333333333333,0.1,0.5333333333333333,0.8333333333333334,0.4,0.3,0.2,0.13333333333333333
0.3333333333333333,0.13333333333333333,0.4666666666666667,0.9666666666666668,0.6,0.3,0.13333333333333333,0.13333333333333333
0.3333333333333333,0.13333333333333333,0.43333333333333335,0.9666666666666668,0.5666666666666667,0.3,0.13333333333333333,0.13333333333333333
0.2,0.13333333333333333,0.4,1.0333333333333334,0.6333333333333333,0.3,0.13333333333333333,0.1
0.2,0.13333333333333333,0.4,0.8666666666666667,0.6333333333333333,0.3,0.13333333333333333,0.1
0.26666666666666666,0.13333333333333333,0.43333333333333335,0.8666666666666667,0.6666666666666666,0.3,0.16666666666666666,0.1
0.26666666666666666,0.1,0.36666666666666653,0.9,0.6666666666666666,0.3,0.16666666666666666,0.1
0.26666666666666666,0.13333333333333333,0.36666666666666653,0.9,0.7,0.3,0.16666666666666666,0.1
0.26666666666666666,0.2,0.3333333333333333,1.0,0.7666666666666667,0.3333333333333333,0.16666666666666666,0.2
0.26666666666666666,0.2,0.3333333333333333,1.0,0.8,0.3333333333333333,0.4,0.2
0.3333333333333333,0.16666666666666666,0.3333333333333333,0.9666666666666668,0.8,0.4,0.4,0.2
0.3333333333333333,0.16666666666666666,0.3333333333333333,0.9333333333333332,0.8,0.4,0.4,0.2333333333333333
0.3333333333333333,0.2,0.3333333333333333,0.9333333333333332,0.8,0.4,0.4,0.2333333333333333
0.43333333333333335,0.2333333333333333,0.3333333333333333,0.9333333333333332,0.8333333333333334,0.4,0.4,0.26666666666666666
0.4666666666666667,0.3333333333333333,0.3333333333333333,0.9333333333333332,0.8333333333333334,0.4,0.4,0.26666666666666666
0.4666666666666667,0.3333333333333333,0.3333333333333333,0.9,0.8,0.4,0.4,0.26666666666666666
0.5,0.36666666666666653,0.4,0.9333333333333332,0.8333333333333334,0.4,0.4,0.2333333333333333
0.5,0.43333333333333335,0.3333333333333333,1.0,0.8666666666666667,0.4,0.4,0.2333333333333333
0.5,0.43333333333333335,0.43333333333333335,1.0,0.7333333333333333,0.26666666666666666,0.4,0.2333333333333333
0.6,0.4666666666666667,0.4666666666666667,0.9666666666666668,0.7333333333333333,0.26666666666666666,0.4,0.2333333333333333
0.6,0.4666666666666667,0.5333333333333333,0.9666666666666668,0.7333333333333333,0.26666666666666666,0.36666666666666653,0.26666666666666666
0.6,0.4666666666666667,0.5666666666666667,0.9666666666666668,0.7333333333333333,0.26666666666666666,0.36666666666666653,0.26666666666666666
0.6,0.4666666666666667,0.5666666666666667,0.9666666666666668,0.7666666666666667,0.2333333333333333,0.3333333333333333,0.26666666666666666
0.4666666666666667,0.5,0.5333333333333333,0.9666666666666668,0.8333333333333334,0.2333333333333333,0.3,0.3
0.4666666666666667,0.5,0.6,0.9,0.8333333333333334,0.2333333333333333,0.3,0.3333333333333333
0.4666666666666667,0.5,0.6,0.7333333333333333,0.8666666666666667,0.2333333333333333,0.36666666666666653,0.3333333333333333
0.4666666666666667,0.5333333333333333,0.7333333333333333,0.5666666666666667,0.9666666666666668,0.3333333333333333,0.36666666666666653,0.3
0.5,0.5333333333333333,0.7333333333333333,0.5666666666666667,0.9,0.2333333333333333,0.4,0.3
0.5,0.6666666666666666,0.7333333333333333,0.6,0.9,0.3333333333333333,0.4666666666666667,0.3
0.5,0.6666666666666666,0.7666666666666667,0.6,0.9,0.3333333333333333,0.4666666666666667,0.3333333333333333
0.5,0.6666666666666666,0.9,0.5666666666666667,0.8666666666666667,0.3333333333333333,0.5,0.4
0.5,0.6666666666666666,0.8333333333333334,0.43333333333333335,0.7,0.3333333333333333,0.5,0.43333333333333335
0.5,0.6666666666666666,0.8333333333333334,0.5333333333333333,0.7666666666666667,0.43333333333333335,0.5,0.43333333333333335
0.5,0.6666666666666666,0.8333333333333334,0.5333333333333333,0.7,0.43333333333333335,0.5,0.43333333333333335
0.4666666666666667,0.7333333333333333,0.9,0.5333333333333333,0.7,0.43333333333333335,0.5333333333333333,0.43333333333333335
0.4,0.7333333333333333,0.8666666666666667,0.6,0.7,0.43333333333333335,0.5666666666666667,0.43333333333333335
0.4,0.8,0.8666666666666667,0.5666666666666667,0.7,0.43333333333333335,0.5666666666666667,0.43333333333333335
0.4,0.7666666666666667,0.8666666666666667,0.6,0.6666666666666666,0.43333333333333335,0.5666666666666667,0.43333333333333335
0.43333333333333335,0.7,0.9666666666666668,0.6333333333333333,0.6,0.4,0.5666666666666667,0.36666666666666653
0.4666666666666667,0.7,0.9666666666666668,0.6333333333333333,0.5333333333333333,0.4,0.3333333333333333,0.36666666666666653
